Todd,Kelley,1/25/1935,tkelley0@youtu.be,86-(713)697-7210,191 Roth Court
Donna,Payne,4/14/1981,dpayne1@odnoklassniki.ru,591-(911)505-6060,7 Sloan Center
Clarence,Rose,5/13/1956,crose2@mapquest.com,232-(630)218-0692,40 Manley Terrace
Donald,Rodriguez,7/20/1901,drodriguez3@exblog.jp,381-(566)473-9788,612 Oak Valley Court
Nancy,Payne,9/21/1937,npayne4@yale.edu,355-(830)315-6481,082 Monument Crossing
Judith,Warren,11/12/1987,jwarren5@angelfire.com,7-(901)657-1141,045 Sunnyside Alley
Marie,Stewart,9/28/1966,mstewart6@trellian.com,86-(223)575-5980,24431 Clemons Circle
Brian,Williams,9/13/1907,bwilliams7@biblegateway.com,62-(276)588-2473,410 Mcguire Circle
Joan,Garcia,9/7/1989,jgarcia8@wikipedia.org,358-(728)559-7168,0 Farragut Trail
Carl,Richardson,11/15/1982,crichardson9@themeforest.net,31-(920)704-7218,265 Veith Place
Louise,Morales,6/26/1938,lmoralesa@hibu.com,237-(996)347-0445,5 Eagan Hill
Albert,Alvarez,2/27/1952,aalvarezb@youtube.com,967-(379)444-9413,76 Oak Valley Way
Kathryn,Stanley,9/5/1987,kstanleyc@msn.com,86-(808)476-7131,61 Lyons Trail
Janet,Palmer,9/23/1990,jpalmerd@mail.ru,86-(467)652-3014,01973 Walton Park
Stephanie,Edwards,3/27/1953,sedwardse@archive.org,86-(363)553-4489,3523 Macpherson Court
Cynthia,Franklin,10/18/1904,cfranklinf@sfgate.com,86-(207)194-8868,67370 Atwood Road
Kevin,Stevens,2/28/1922,kstevensg@house.gov,62-(149)653-7014,09 Sachtjen Crossing
Robin,Stewart,1/16/1992,rstewarth@ehow.com,62-(566)747-3208,88 Bultman Way
Donna,Boyd,10/15/1991,dboydi@1688.com,86-(783)260-6511,2 Farmco Trail
Ruby,Austin,5/24/1903,raustinj@jalbum.net,62-(501)880-8531,17529 Monica Terrace
George,Morris,4/23/1938,gmorrisk@reddit.com,62-(242)878-7319,4 Hallows Junction
Ryan,Robertson,7/20/1907,rrobertsonl@patch.com,62-(960)515-5567,0 Pine View Junction
Gary,Fowler,9/20/1947,gfowlerm@narod.ru,62-(779)459-2151,11 Meadow Ridge Drive
Nicole,Carpenter,2/5/1910,ncarpentern@digg.com,86-(104)656-3546,478 Montana Point
Brian,Thomas,4/30/1931,bthomaso@soup.io,62-(450)286-2649,5 Clyde Gallagher Trail
Joyce,Nelson,1/29/2000,jnelsonp@sciencedirect.com,66-(880)408-8798,183 Di Loreto Point
Cheryl,Montgomery,8/27/1915,cmontgomeryq@jigsy.com,55-(798)756-2334,57 Sutteridge Circle
Phyllis,Bailey,6/2/1912,pbaileyr@hubpages.com,62-(417)676-4893,536 Fieldstone Alley
Patricia,Reed,6/16/1964,preeds@parallels.com,86-(887)446-7706,95 Heffernan Circle
Christine,Montgomery,6/28/1946,cmontgomeryt@theatlantic.com,7-(695)671-2799,95 Cascade Court
Rebecca,Daniels,12/10/1903,rdanielsu@boston.com,48-(700)146-8048,161 Buhler Crossing
Jonathan,Cruz,8/28/1937,jcruzv@jigsy.com,48-(517)655-8425,14403 Independence Drive
Juan,Butler,2/26/1985,jbutlerw@soundcloud.com,51-(440)908-2058,2 Nobel Park
Clarence,Woods,6/1/1984,cwoodsx@vistaprint.com,86-(352)131-7331,411 Pennsylvania Center
Shawn,Alexander,6/15/1924,salexandery@seattletimes.com,86-(364)837-6403,1 1st Plaza
Tina,Webb,1/22/1902,twebbz@twitpic.com,81-(808)771-7817,28 Kingsford Drive
Randy,Williamson,4/23/1919,rwilliamson10@moonfruit.com,420-(805)902-1414,558 Ramsey Crossing
Amanda,Green,5/17/1987,agreen11@naver.com,48-(518)558-4544,728 Dawn Road
Christina,Ray,8/18/1907,cray12@mtv.com,226-(916)352-6683,9691 Calypso Alley
Henry,Palmer,4/3/1921,hpalmer13@furl.net,86-(153)328-0061,60 Laurel Alley
Ronald,Austin,6/8/1936,raustin14@java.com,86-(435)639-3263,04 Blue Bill Park Plaza
Lori,Olson,3/8/1959,lolson15@vinaora.com,81-(682)642-5144,250 La Follette Park
Joseph,Griffin,2/14/1924,jgriffin16@sitemeter.com,86-(684)440-3978,36 Northfield Street
Todd,Ward,4/6/1907,tward17@whitehouse.gov,98-(798)627-0064,5367 Towne Point
Douglas,Kennedy,11/26/1910,dkennedy18@topsy.com,1-(314)413-4111,3 Bashford Alley
Heather,Reed,10/1/1996,hreed19@senate.gov,86-(640)522-6352,085 Monterey Point
Susan,Howell,11/25/1963,showell1a@princeton.edu,966-(198)559-4538,026 Westend Drive
Carlos,Cooper,12/15/1919,ccooper1b@delicious.com,86-(611)901-1113,4 Pankratz Court
Alice,Morales,1/9/1935,amorales1c@salon.com,55-(233)454-0713,7 Warbler Point
James,Evans,4/30/1972,jevans1d@umich.edu,375-(254)829-0869,9 Messerschmidt Alley
Benjamin,Lawrence,7/18/1912,blawrence1e@cdc.gov,7-(375)833-7676,783 Coleman Drive
Melissa,Thomas,9/4/1924,mthomas1f@quantcast.com,212-(375)401-6956,670 Pawling Alley
Donald,Flores,9/1/1974,dflores1g@list-manage.com,86-(670)554-4667,1147 6th Alley
Paula,Montgomery,10/23/1986,pmontgomery1h@reverbnation.com,62-(497)678-0252,985 Fuller Junction
Beverly,Myers,10/11/1904,bmyers1i@businessinsider.com,33-(691)476-8866,9 South Center
Alice,White,9/9/1905,awhite1j@squarespace.com,51-(202)727-5927,81 Arizona Park
Emily,Frazier,12/30/1936,efrazier1k@cnet.com,51-(902)896-5593,74526 Hagan Alley
Ryan,Walker,11/7/1947,rwalker1l@hexun.com,7-(409)332-7446,93440 Grover Point
William,Armstrong,12/23/1906,warmstrong1m@studiopress.com,66-(458)636-1365,1389 Independence Parkway
Nancy,Jenkins,3/10/1910,njenkins1n@google.it,420-(971)528-4770,43850 High Crossing Place
Henry,Holmes,12/10/1999,hholmes1o@ycombinator.com,380-(557)174-5519,6037 Merrick Center
Albert,Simpson,4/5/1950,asimpson1p@xinhuanet.com,62-(816)909-8700,264 Bultman Plaza
Daniel,Hart,6/12/1979,dhart1q@apache.org,86-(919)638-4611,84530 Oak Valley Avenue
Rachel,Gibson,7/25/1952,rgibson1r@fc2.com,92-(446)480-1517,766 Lakewood Gardens Street
Roger,Riley,1/29/1912,rriley1s@mit.edu,692-(545)231-1257,6 Nobel Trail
Rose,Sanders,2/12/1932,rsanders1t@360.cn,86-(447)126-6620,987 6th Road
Joyce,Wells,5/6/1933,jwells1u@house.gov,992-(249)954-3873,19771 Kensington Point
Andrea,Miller,2/8/1995,amiller1v@scientificamerican.com,86-(322)160-4648,031 Clarendon Way
Brenda,Holmes,6/4/1961,bholmes1w@webeden.co.uk,374-(305)388-7452,34 Erie Point
Harold,Olson,10/7/1978,holson1x@cocolog-nifty.com,385-(150)388-6650,1066 Pleasure Street
Jason,Watson,12/2/1902,jwatson1y@deviantart.com,33-(776)712-5493,230 Westend Circle
Victor,Cox,4/19/1911,vcox1z@wordpress.org,86-(848)158-1385,43 Pepper Wood Circle
Michael,Carter,2/21/1903,mcarter20@hc360.com,48-(875)884-3208,87 Oxford Point
Albert,Robinson,12/13/1988,arobinson21@dot.gov,62-(929)537-8970,48580 Badeau Street
Lori,Watson,12/24/1951,lwatson22@ask.com,381-(225)538-5490,532 Macpherson Center
Brandon,Mills,12/18/1956,bmills23@ted.com,86-(137)564-4987,0673 Milwaukee Lane
Frances,Ward,4/30/1981,fward24@geocities.com,353-(608)245-0224,15 6th Street
Scott,Collins,11/30/1926,scollins25@hatena.ne.jp,86-(896)617-8846,89 Rowland Avenue
Jacqueline,Mendoza,9/5/1912,jmendoza26@indiatimes.com,55-(744)921-7131,3 Bartillon Place
William,Cole,1/10/1952,wcole27@nydailynews.com,57-(846)655-6568,15 Dexter Pass
Jeremy,Foster,8/11/1924,jfoster28@nba.com,7-(365)399-4329,59570 Roth Road
Jimmy,Mason,5/29/1938,jmason29@vistaprint.com,253-(914)511-9153,787 Havey Parkway
Jesse,Russell,6/2/1960,jrussell2a@miibeian.gov.cn,62-(204)787-2470,9 Schiller Court
Jason,Watkins,1/10/1940,jwatkins2b@gnu.org,62-(201)142-2056,3524 Barby Point
Scott,Bishop,6/15/1934,sbishop2c@networkadvertising.org,49-(921)482-0234,177 Jay Park
Sean,White,12/5/1927,swhite2d@businessinsider.com,51-(716)911-0357,239 Anniversary Plaza
Donna,Stanley,9/1/1942,dstanley2e@wikia.com,234-(770)745-5071,3897 Summerview Junction
Louis,Evans,11/27/1997,levans2f@e-recht24.de,995-(133)576-4226,7 Scoville Place
Paula,Thompson,10/17/1939,pthompson2g@hao123.com,359-(667)959-3755,5056 Buell Park
Ralph,Hill,1/20/1902,rhill2h@shinystat.com,46-(662)455-0260,08 Bashford Trail
Ronald,Cole,7/24/1936,rcole2i@networksolutions.com,62-(703)183-1818,4 Ruskin Lane
Adam,Harper,12/15/1983,aharper2j@live.com,48-(691)214-2821,75 Packers Trail
Ralph,Ellis,4/28/1985,rellis2k@craigslist.org,46-(131)265-9206,758 Hauk Park
David,Russell,9/19/1903,drussell2l@imgur.com,263-(147)199-7063,98979 Sommers Junction
Billy,Griffin,5/5/1968,bgriffin2m@flickr.com,55-(320)918-6978,9 Buena Vista Junction
Carlos,Stephens,1/5/1971,cstephens2n@drupal.org,374-(623)477-5231,196 Butternut Hill
Paul,Fuller,3/1/1991,pfuller2o@live.com,55-(356)289-2592,207 Prentice Parkway
Donald,Chavez,1/3/1929,dchavez2p@china.com.cn,7-(520)235-1294,44 Scott Alley
Andrew,Kennedy,6/11/1929,akennedy2q@oaic.gov.au,1-(407)929-4014,88 Oak Valley Court
Patricia,Carter,4/16/1903,pcarter2r@networksolutions.com,27-(452)425-8778,19 Esch Junction
Raymond,Stephens,5/28/1904,rstephens2s@twitter.com,62-(435)816-6982,966 Debs Park
Kelly,Fisher,10/2/1958,kfisher2t@mozilla.org,255-(615)885-7464,5 Paget Center
Jane,Wilson,4/23/1912,jwilson2u@indiegogo.com,965-(621)486-3133,40 Melby Circle
Amy,Edwards,2/2/1951,aedwards2v@ox.ac.uk,86-(885)324-3187,91003 Kim Alley
Phillip,Edwards,10/23/1938,pedwards2w@people.com.cn,62-(306)757-1824,115 Coolidge Parkway
Jeffrey,Jackson,8/27/1989,jjackson2x@1688.com,86-(749)492-6383,157 Hauk Circle
Frank,Martin,4/22/1929,fmartin2y@bloomberg.com,63-(583)219-2607,88 Goodland Drive
Patrick,Perez,1/7/1938,pperez2z@theguardian.com,212-(980)426-9750,4 Cambridge Avenue
Jose,Wilson,5/6/1967,jwilson30@europa.eu,380-(131)539-7769,76 Annamark Junction
Debra,Willis,8/12/1916,dwillis31@mail.ru,62-(929)853-4231,933 Mockingbird Terrace
Denise,Palmer,5/15/1929,dpalmer32@mayoclinic.com,62-(323)335-7641,43 Harbort Street
Dennis,Arnold,7/8/1980,darnold33@google.de,86-(501)343-2324,9408 Hoard Terrace
Stephanie,Martinez,5/4/1948,smartinez34@bbb.org,62-(787)717-2484,099 Roxbury Lane
Jeremy,Hunter,10/4/1917,jhunter35@hp.com,1-(602)279-7237,57 Alpine Junction
Debra,Stevens,3/11/1979,dstevens36@mysql.com,62-(694)576-2030,5 Fairfield Court
Theresa,Ray,4/3/1975,tray37@sciencedirect.com,86-(317)672-8261,703 Rigney Junction
Chris,Mendoza,12/26/1972,cmendoza38@smh.com.au,86-(478)918-4248,18610 Homewood Lane
Elizabeth,Wright,2/19/1937,ewright39@myspace.com,1-(653)638-8207,9603 Sloan Way
Gerald,Peters,12/18/1963,gpeters3a@economist.com,27-(109)657-0590,83636 Dryden Parkway
Charles,Weaver,1/26/1943,cweaver3b@weather.com,62-(187)725-8285,82 Sloan Lane
Scott,Wilson,5/1/1994,swilson3c@cdbaby.com,62-(546)570-8344,68847 Butterfield Alley
Nicole,Ross,3/6/1926,nross3d@smugmug.com,62-(743)152-9569,50439 Carey Way
Jeremy,Garza,12/16/1964,jgarza3e@mashable.com,226-(891)162-3319,47 Anhalt Junction
Sara,Richards,1/3/1952,srichards3f@cdc.gov,81-(649)149-2034,0 Beilfuss Hill
Jane,Morgan,10/2/1907,jmorgan3g@reverbnation.com,502-(697)162-8777,3 Dayton Terrace
Amy,Morgan,6/24/1941,amorgan3h@aboutads.info,234-(595)168-1577,605 Bowman Drive
Jessica,Lewis,11/7/1996,jlewis3i@zdnet.com,62-(464)698-7923,309 Goodland Circle
Mildred,Vasquez,8/29/1961,mvasquez3j@merriam-webster.com,52-(601)947-5353,18 Nelson Parkway
Jeffrey,Webb,4/2/1922,jwebb3k@biblegateway.com,970-(810)952-4884,7448 Bayside Parkway
Ronald,Carr,3/2/1950,rcarr3l@github.com,1-(591)447-7791,973 Linden Road
Peter,Reed,11/29/1989,preed3m@studiopress.com,63-(955)481-2181,7800 Thackeray Way
Harold,Garza,2/20/1909,hgarza3n@prnewswire.com,62-(815)962-8502,0947 East Place
Kelly,Perez,1/21/1997,kperez3o@slashdot.org,54-(756)651-5356,8733 Anderson Drive
Stephanie,Mccoy,4/23/1996,smccoy3p@cbc.ca,84-(492)921-2512,16 Birchwood Drive
Russell,Bradley,7/5/1901,rbradley3q@tuttocitta.it,63-(658)149-0361,259 Anzinger Drive
Todd,Stewart,6/9/1962,tstewart3r@theglobeandmail.com,55-(275)431-9934,7997 Del Sol Lane
Annie,Cunningham,3/19/1926,acunningham3s@is.gd,86-(923)276-4789,02 Mockingbird Center
Rebecca,Perry,4/19/1937,rperry3t@xing.com,62-(365)255-1980,89573 Independence Trail
Todd,Robertson,2/1/1975,trobertson3u@harvard.edu,234-(535)562-2054,9 Jackson Park
Melissa,Rivera,1/28/1920,mrivera3v@utexas.edu,62-(508)629-1008,907 Quincy Junction
Rebecca,Williams,10/14/1916,rwilliams3w@yellowpages.com,1-(640)373-5537,940 Dwight Center
Steve,Warren,11/16/1932,swarren3x@hibu.com,62-(950)682-4276,8674 Caliangt Plaza
Jason,Green,10/4/1915,jgreen3y@ovh.net,996-(919)687-1388,942 Roxbury Terrace
Louise,Arnold,8/24/1988,larnold3z@bbb.org,51-(994)897-7305,13287 Burrows Alley
Marilyn,Gonzales,12/15/1965,mgonzales40@npr.org,55-(829)926-6900,93 Northland Hill
Ruby,Alexander,10/31/1991,ralexander41@t.co,62-(357)230-0532,3 Buell Hill
Ronald,Kelley,10/14/1999,rkelley42@kickstarter.com,86-(472)596-9177,6 Center Road
Annie,Butler,1/29/1975,abutler43@pen.io,62-(871)924-4478,82208 Shoshone Crossing
Helen,Burns,8/18/1939,hburns44@plala.or.jp,216-(141)824-5392,11 Kim Junction
Kathleen,Owens,5/13/1941,kowens45@telegraph.co.uk,46-(163)871-9398,99 Morrow Road
Sarah,Hernandez,1/19/1961,shernandez46@wsj.com,31-(587)183-7992,121 Fulton Lane
Christina,Cunningham,12/27/1919,ccunningham47@admin.ch,86-(394)318-8901,287 Anzinger Court
Julie,Warren,1/5/1926,jwarren48@yolasite.com,63-(234)416-3074,17790 Di Loreto Drive
Patrick,Foster,5/20/1994,pfoster49@huffingtonpost.com,86-(198)572-4079,68 Annamark Junction
Keith,Reed,11/20/1997,kreed4a@cbslocal.com,57-(468)610-1853,5 Bartelt Lane
Kathleen,Peterson,8/20/1938,kpeterson4b@networkadvertising.org,55-(462)144-0441,4547 Hanson Lane
Anna,Wright,10/19/1913,awright4c@soup.io,386-(476)819-7826,31 Northwestern Lane
Margaret,Sullivan,4/22/1949,msullivan4d@cmu.edu,386-(364)899-6801,56385 Morrow Center
Ruby,Graham,10/12/1984,rgraham4e@webnode.com,48-(630)830-3103,0 Shasta Parkway
Joan,Hawkins,8/31/1943,jhawkins4f@google.co.uk,7-(254)544-3142,27 Kingsford Street
Elizabeth,Franklin,7/19/1928,efranklin4g@sogou.com,381-(372)485-8266,34080 Donald Street
Jessica,Ortiz,6/4/1954,jortiz4h@dyndns.org,856-(543)614-8248,2319 Namekagon Junction
John,Turner,3/10/1963,jturner4i@google.co.uk,380-(557)233-4308,3081 Duke Pass
Edward,Cox,12/23/1999,ecox4j@sogou.com,48-(854)999-4343,3869 Gerald Street
Nicole,Moreno,11/5/1992,nmoreno4k@webeden.co.uk,86-(619)888-7236,7 Sauthoff Pass
Helen,Nichols,6/27/1958,hnichols4l@unicef.org,62-(412)671-7204,52157 Harper Road
Lisa,Johnson,6/2/1997,ljohnson4m@fda.gov,86-(366)906-4167,2 Ludington Point
Paula,Mendoza,10/9/1986,pmendoza4n@bbc.co.uk,373-(888)309-7806,658 Northview Street
Brian,Hunter,2/14/1959,bhunter4o@ask.com,351-(678)172-2554,7315 Carpenter Road
George,Hicks,1/7/2000,ghicks4p@time.com,48-(285)718-4453,8 Morrow Plaza
Arthur,Rice,2/11/1923,arice4q@unc.edu,355-(591)291-2255,0220 Jackson Center
Jonathan,Ross,8/2/1928,jross4r@quantcast.com,63-(346)232-2271,37 Stoughton Drive
Justin,Alvarez,2/15/1928,jalvarez4s@chronoengine.com,86-(444)457-4456,40 Forest Dale Road
Lori,Rose,2/5/1965,lrose4t@discovery.com,86-(985)322-0085,41987 Loomis Road
Jean,James,3/22/1973,jjames4u@wufoo.com,386-(945)995-5361,28 Dottie Trail
Anthony,Thompson,7/22/1966,athompson4v@biblegateway.com,963-(524)275-4771,11 Park Meadow Pass
Aaron,Hansen,8/3/1963,ahansen4w@wufoo.com,375-(871)837-7599,0 Caliangt Hill
Bruce,Miller,8/23/1933,bmiller4x@slate.com,386-(790)957-3747,24739 Pankratz Crossing
Lori,Thomas,8/12/1982,lthomas4y@freewebs.com,92-(983)570-8663,508 Bobwhite Street
Johnny,Gutierrez,4/10/1902,jgutierrez4z@unesco.org,63-(270)751-3642,53638 Algoma Park
Larry,Adams,3/18/1950,ladams50@taobao.com,48-(574)969-3736,47349 Heffernan Street
Melissa,Hall,11/20/1979,mhall51@princeton.edu,261-(339)464-1669,5047 Charing Cross Trail
Shawn,Lawrence,7/14/1982,slawrence52@example.com,351-(545)210-9095,9 Butterfield Crossing
Ryan,Hill,9/5/1941,rhill53@prnewswire.com,48-(738)229-1747,00 Northfield Terrace
Clarence,Pierce,7/10/1928,cpierce54@nifty.com,46-(624)641-9825,08942 Schurz Street
Willie,Barnes,3/19/1946,wbarnes55@miibeian.gov.cn,63-(593)556-3531,66 Summerview Road
Kathleen,Dixon,5/17/1953,kdixon56@java.com,359-(602)427-5333,432 Northport Circle
Christina,Scott,1/27/1951,cscott57@bing.com,1-(196)250-3710,46565 Lindbergh Hill
Ashley,Jackson,1/26/1947,ajackson58@huffingtonpost.com,48-(724)288-1567,995 Northland Junction
Earl,Gray,4/29/1987,egray59@geocities.jp,55-(301)147-1368,1707 Dennis Trail
Bruce,Dean,5/15/1971,bdean5a@dell.com,48-(120)373-8704,6483 Valley Edge Circle
Bruce,Owens,4/6/1991,bowens5b@posterous.com,7-(577)369-1063,14499 Old Shore Road
Jennifer,Greene,11/4/1963,jgreene5c@blogger.com,385-(880)674-8198,4468 Sullivan Pass
Patrick,Fox,11/21/1900,pfox5d@patch.com,86-(285)168-7326,66 Quincy Hill
Ruby,Austin,4/1/1963,raustin5e@thetimes.co.uk,81-(407)638-1005,9399 Northridge Road
Nicole,Medina,1/30/1921,nmedina5f@kickstarter.com,48-(271)635-8736,0002 Village Lane
Margaret,Lane,7/3/1933,mlane5g@w3.org,86-(428)816-3620,3327 Hauk Point
Elizabeth,Ramos,1/17/1985,eramos5h@myspace.com,375-(267)530-1603,916 Roth Court
Emily,Burke,8/24/1973,eburke5i@tuttocitta.it,62-(421)663-7470,51 Johnson Alley
Tammy,Freeman,7/5/1902,tfreeman5j@aboutads.info,33-(852)857-8715,7 Southridge Park
Jessica,Hawkins,9/25/1921,jhawkins5k@goodreads.com,20-(485)799-3655,09996 Paget Park
Nancy,Gordon,12/12/1906,ngordon5l@house.gov,57-(362)120-3177,38790 Carpenter Drive
Carolyn,Sims,3/27/1961,csims5m@issuu.com,7-(379)233-1823,5413 Corry Lane
George,Rose,9/29/1954,grose5n@hatena.ne.jp,20-(387)562-6659,73 Mosinee Road
Donna,Little,5/25/1922,dlittle5o@naver.com,46-(609)192-5649,03522 Stone Corner Hill
Christopher,Graham,3/20/1945,cgraham5p@rediff.com,389-(787)634-9488,93163 Crowley Pass
Anne,Hanson,6/15/1945,ahanson5q@freewebs.com,86-(793)826-0834,02726 Marquette Alley
Evelyn,Gilbert,9/23/1969,egilbert5r@slate.com,382-(297)105-1432,62 Schurz Center
Dennis,Russell,8/18/1911,drussell5s@ning.com,234-(878)627-3114,7772 Arrowood Hill
Phyllis,Bailey,10/25/1975,pbailey5t@sogou.com,86-(275)573-7063,6 Browning Circle
Harold,Ward,12/15/1908,hward5u@cnet.com,62-(639)794-8705,3 Monument Parkway
Virginia,Cook,9/17/1928,vcook5v@cafepress.com,55-(463)384-5762,161 Kings Avenue
William,Oliver,3/30/1969,woliver5w@lulu.com,1-(712)208-1293,25011 Clove Point
Sandra,Tucker,3/29/1959,stucker5x@cam.ac.uk,57-(337)674-2593,793 Shoshone Street
Steve,Taylor,8/1/1963,staylor5y@un.org,84-(368)483-1754,05989 Eggendart Road
Joan,Miller,7/26/1982,jmiller5z@flavors.me,7-(252)103-7212,1509 Harbort Trail
Benjamin,Wood,4/21/1934,bwood60@xinhuanet.com,54-(662)125-2996,7 Fair Oaks Street
Annie,Wallace,11/18/1913,awallace61@java.com,62-(289)170-9867,0 Arizona Terrace
Jean,Murphy,11/18/1950,jmurphy62@redcross.org,86-(850)891-4385,848 Washington Road
Kathy,Mccoy,10/11/1968,kmccoy63@shutterfly.com,86-(727)706-2544,26948 Saint Paul Center
Phillip,Watson,10/13/1967,pwatson64@liveinternet.ru,55-(772)348-5184,4006 Marcy Street
Scott,Cruz,6/27/1934,scruz65@nationalgeographic.com,46-(651)599-1385,066 Birchwood Terrace
Nancy,Cole,5/1/1983,ncole66@state.tx.us,1-(890)865-9013,2 Warrior Trail
Rose,Williamson,12/3/1976,rwilliamson67@berkeley.edu,359-(658)761-4457,3 Lakewood Junction
Kathleen,Hansen,4/23/1916,khansen68@bigcartel.com,962-(905)891-6439,994 Ruskin Lane
Amanda,Hunter,1/1/1939,ahunter69@netvibes.com,51-(371)333-0157,72566 5th Avenue
Patrick,Kim,2/18/1948,pkim6a@admin.ch,1-(246)839-0172,3577 Laurel Circle
Lillian,Nelson,4/21/1977,lnelson6b@behance.net,55-(139)186-9299,5697 Buhler Pass
Scott,White,1/24/1987,swhite6c@unesco.org,86-(474)687-4414,508 Laurel Parkway
Frank,Cunningham,6/6/1996,fcunningham6d@stanford.edu,86-(361)384-1567,897 Bluejay Center
Betty,Stanley,9/25/1941,bstanley6e@phoca.cz,86-(749)852-6237,6 Sunfield Circle
Sean,Gibson,9/25/1944,sgibson6f@moonfruit.com,63-(145)861-7831,931 Emmet Park
Bruce,Patterson,8/17/1962,bpatterson6g@nytimes.com,52-(678)943-7094,90728 Glacier Hill Junction
Donna,Spencer,11/24/1950,dspencer6h@cloudflare.com,30-(216)411-0002,77 Melody Lane
George,Peters,6/2/1918,gpeters6i@mayoclinic.com,51-(128)330-5795,1535 Scott Junction
Donald,Wallace,12/6/1959,dwallace6j@hao123.com,62-(363)981-7243,272 Village Green Drive
Irene,Wheeler,5/16/1902,iwheeler6k@howstuffworks.com,62-(291)113-9159,522 Miller Junction
Betty,Hamilton,7/11/1993,bhamilton6l@timesonline.co.uk,55-(229)729-8825,83526 Schurz Parkway
Christina,Martinez,6/20/1987,cmartinez6m@howstuffworks.com,86-(396)601-7817,156 Main Place
Sandra,Graham,7/2/1915,sgraham6n@woothemes.com,7-(344)388-9292,95861 Hauk Hill
Alan,Vasquez,8/18/1963,avasquez6o@buzzfeed.com,62-(643)649-4640,34718 Transport Parkway
Willie,Gibson,12/11/1978,wgibson6p@wisc.edu,48-(744)358-1668,1 Golf Point
Donald,Diaz,1/7/2000,ddiaz6q@studiopress.com,351-(254)519-3932,7 Anniversary Parkway
Margaret,Hamilton,6/30/1970,mhamilton6r@goo.ne.jp,86-(782)897-7227,026 Lerdahl Court
Gary,Brown,3/23/1989,gbrown6s@telegraph.co.uk,62-(990)788-4036,2402 Shoshone Parkway
Sean,Mitchell,12/15/1953,smitchell6t@ihg.com,55-(141)444-1310,8245 Veith Lane
Virginia,Green,3/29/1911,vgreen6u@ucoz.com,63-(309)708-7232,67694 Farwell Pass
Ryan,Johnston,12/25/1940,rjohnston6v@wunderground.com,62-(715)777-8235,2 Nancy Hill
Samuel,Brooks,6/5/1951,sbrooks6w@imgur.com,86-(925)276-0966,05 Main Place
Debra,Ward,4/8/1917,dward6x@so-net.ne.jp,355-(109)476-6784,3729 Eastwood Hill
Frank,Matthews,8/1/1936,fmatthews6y@yellowbook.com,86-(554)521-9735,64669 Northridge Hill
Judith,Garcia,11/7/1940,jgarcia6z@dell.com,1-(910)830-2654,777 Blaine Road
Shirley,Morrison,6/17/1943,smorrison70@mozilla.org,351-(815)737-5814,61 Hanover Place
Brandon,Fisher,1/29/1906,bfisher71@altervista.org,54-(544)831-8679,2 Homewood Alley
Ernest,Fields,11/29/1981,efields72@skype.com,420-(368)945-6447,6 Grover Plaza
Jason,Fox,2/23/1978,jfox73@irs.gov,54-(498)810-2225,00 Manitowish Crossing
Rachel,Walker,7/18/1942,rwalker74@lulu.com,86-(599)741-0833,1955 Miller Plaza
Jeffrey,West,8/2/1977,jwest75@theatlantic.com,46-(609)268-1858,2186 Oneill Avenue
Kathy,Cooper,7/24/1944,kcooper76@canalblog.com,63-(221)695-4707,70921 Milwaukee Center
Amanda,Cox,1/4/1908,acox77@chron.com,265-(186)289-2846,92 Forest Run Pass
Cheryl,Ward,11/29/1973,cward78@eventbrite.com,62-(268)501-8049,366 Emmet Plaza
Mary,Romero,11/26/1922,mromero79@arstechnica.com,880-(820)371-3675,568 Farragut Avenue
Kelly,Martin,10/18/1946,kmartin7a@engadget.com,27-(878)755-7293,7 Sage Alley
Christina,Gonzales,5/11/1998,cgonzales7b@cdc.gov,963-(731)542-5326,898 Burning Wood Way
Todd,Andrews,9/14/1996,tandrews7c@twitpic.com,86-(796)866-2461,2999 Buell Park
Shirley,Woods,7/10/1927,swoods7d@diigo.com,55-(406)727-9752,800 Blaine Alley
Lisa,Harrison,11/3/1947,lharrison7e@amazon.co.uk,230-(556)646-6703,4456 Glendale Terrace
Barbara,Woods,8/20/1938,bwoods7f@umn.edu,86-(435)238-5755,17176 Scofield Alley
Jennifer,Flores,7/27/1945,jflores7g@economist.com,63-(895)661-8197,7343 Karstens Pass
David,Schmidt,10/13/1991,dschmidt7h@de.vu,358-(970)471-4484,76 Corscot Place
Mildred,Turner,1/6/1994,mturner7i@cafepress.com,33-(528)370-4944,96 Lyons Trail
Judy,Chapman,1/1/1987,jchapman7j@miitbeian.gov.cn,1-(202)716-7569,71 Longview Road
Bonnie,Simmons,2/20/1986,bsimmons7k@nydailynews.com,55-(847)236-9421,9313 Onsgard Way
Randy,Olson,8/5/1918,rolson7l@samsung.com,86-(487)318-7379,0 Heffernan Pass
Andrea,Stanley,10/16/1973,astanley7m@washingtonpost.com,504-(698)561-9890,782 Mesta Way
Betty,Lynch,2/10/1962,blynch7n@merriam-webster.com,54-(916)213-8281,2840 Lake View Place
Jeremy,Fisher,1/31/1918,jfisher7o@unc.edu,963-(110)108-4626,82587 Marcy Park
Lisa,Wells,6/11/1941,lwells7p@forbes.com,371-(973)745-8270,8244 Leroy Trail
Judy,Riley,9/3/1925,jriley7q@diigo.com,86-(337)336-3262,42 Ohio Center
Annie,Cruz,12/19/1972,acruz7r@cpanel.net,351-(532)946-5352,21238 Fairfield Hill
Kathy,Banks,2/14/1952,kbanks7s@weibo.com,86-(640)422-4121,1887 Old Shore Terrace
Dennis,Kennedy,9/3/1961,dkennedy7t@ucoz.com,252-(724)969-6519,60 Maywood Court
Virginia,Foster,5/24/1904,vfoster7u@mysql.com,55-(786)808-0532,454 Fair Oaks Terrace
Charles,Howard,8/26/1960,choward7v@yahoo.com,62-(576)474-1982,56 Lunder Street
Phyllis,Austin,4/24/1946,paustin7w@washington.edu,62-(696)769-1610,3 Magdeline Park
Kathy,Rose,7/27/1925,krose7x@freewebs.com,62-(128)802-6766,19881 Hudson Road
Phyllis,Burton,6/18/1975,pburton7y@blogger.com,86-(684)749-5279,2 Granby Drive
Jason,Walker,9/16/1989,jwalker7z@stanford.edu,86-(811)676-0594,38 Independence Terrace
Sara,Hall,1/11/1931,shall80@goodreads.com,55-(566)849-4685,0451 Helena Way
Irene,Brooks,1/12/1913,ibrooks81@vinaora.com,62-(772)993-2436,214 Crowley Drive
Adam,Freeman,10/17/1958,afreeman82@hud.gov,7-(602)896-1027,8 Darwin Parkway
Ronald,Carter,2/13/1977,rcarter83@dyndns.org,507-(414)797-7320,9 Meadow Valley Trail
Bonnie,Long,4/26/1982,blong84@wunderground.com,374-(746)946-3250,9 Hoard Pass
Randy,Williams,11/9/1903,rwilliams85@parallels.com,389-(240)209-2366,85974 Texas Lane
Christina,Walker,7/9/1942,cwalker86@macromedia.com,509-(884)710-4930,025 Debs Road
Katherine,Stewart,6/15/1932,kstewart87@51.la,86-(735)224-1166,7 Almo Center
Joe,Rose,1/26/1922,jrose88@deliciousdays.com,255-(714)712-3314,57 Blaine Point
Christine,Fisher,3/28/1968,cfisher89@usnews.com,7-(160)246-5625,624 Dottie Crossing
Edward,Hanson,2/10/1976,ehanson8a@bravesites.com,62-(534)750-2637,35969 Sugar Crossing
Shirley,Boyd,8/12/1909,sboyd8b@salon.com,1-(229)599-3498,949 Gulseth Way
Arthur,Rose,12/15/1951,arose8c@indiegogo.com,64-(542)173-3832,024 Hallows Pass
Kimberly,Anderson,5/13/1943,kanderson8d@whitehouse.gov,61-(973)378-7829,538 Ohio Pass
Dennis,Smith,1/20/1949,dsmith8e@google.com,48-(371)615-0994,87324 Clove Way
Cynthia,Vasquez,8/14/1951,cvasquez8f@illinois.edu,63-(937)947-4085,0 Lillian Circle
Joseph,Gutierrez,6/13/1908,jgutierrez8g@bloglovin.com,967-(827)823-1384,70533 Sullivan Park
Carlos,Tucker,6/8/1923,ctucker8h@shutterfly.com,48-(301)269-9611,032 Evergreen Junction
Frank,Bailey,2/20/1908,fbailey8i@ihg.com,46-(714)385-4317,66 Golf Center
Jonathan,Nelson,9/30/1999,jnelson8j@meetup.com,86-(250)599-2881,64195 Hagan Junction
Earl,Woods,12/31/1973,ewoods8k@ow.ly,62-(739)786-1247,57221 Fair Oaks Court
Todd,Gilbert,12/22/1937,tgilbert8l@elpais.com,62-(299)979-4441,811 Ronald Regan Circle
Clarence,Ferguson,8/13/1978,cferguson8m@diigo.com,62-(954)366-4236,61 Clyde Gallagher Street
Sandra,Tucker,1/9/1966,stucker8n@ed.gov,47-(206)319-5794,4534 Starling Avenue
Roger,Wagner,1/20/1926,rwagner8o@google.es,86-(236)741-2468,76 Reinke Crossing
Jeffrey,Ellis,6/20/1939,jellis8p@phpbb.com,47-(247)889-4946,241 Nevada Lane
Beverly,Reyes,3/13/1995,breyes8q@harvard.edu,55-(581)236-7667,6 Mosinee Parkway
Philip,Hall,11/14/1903,phall8r@mail.ru,63-(981)325-7782,91 Prentice Street
Diana,Dean,9/23/1957,ddean8s@umich.edu,962-(533)820-7684,982 Hansons Alley
Judith,Austin,9/10/1958,jaustin8t@php.net,353-(294)248-8574,81929 Magdeline Plaza
Joe,Riley,11/18/1991,jriley8u@simplemachines.org,48-(687)107-2452,2 Farmco Avenue
Jane,Sanchez,5/28/1951,jsanchez8v@upenn.edu,380-(923)240-1408,11674 Tony Circle
Ralph,Bennett,4/30/1966,rbennett8w@bandcamp.com,63-(483)953-4308,3282 Vermont Road
Scott,Martinez,10/29/1918,smartinez8x@hugedomains.com,63-(131)258-9545,6 Tennyson Way
Jeremy,Stewart,4/9/1958,jstewart8y@samsung.com,86-(693)705-7487,84 Lyons Crossing
Daniel,Webb,2/7/1977,dwebb8z@flavors.me,63-(887)261-8582,8506 Schurz Trail
Debra,Carter,3/22/1975,dcarter90@bing.com,63-(474)936-3397,42 Brown Terrace
Aaron,Davis,9/30/1909,adavis91@taobao.com,86-(543)765-0184,675 Monument Circle
Anthony,Miller,9/2/1931,amiller92@twitpic.com,86-(393)458-9344,20128 Pine View Court
Christina,Long,10/19/1927,clong93@squidoo.com,234-(186)692-6793,15258 Bartelt Trail
Henry,Ferguson,4/14/1997,hferguson94@sun.com,86-(380)127-2093,53303 Arizona Avenue
Shirley,Woods,5/21/1918,swoods95@seesaa.net,84-(231)397-5869,968 Hoffman Drive
Jacqueline,Lee,9/6/1929,jlee96@cafepress.com,63-(236)935-7940,2 Schiller Plaza
Virginia,Carroll,6/28/1945,vcarroll97@nyu.edu,689-(969)826-4597,351 Glendale Terrace
Cheryl,Campbell,8/12/1992,ccampbell98@cloudflare.com,86-(696)274-0459,26966 Main Plaza
Heather,Castillo,11/30/1975,hcastillo99@webs.com,355-(321)404-2698,19490 Aberg Terrace
Harry,Mills,8/27/1981,hmills9a@go.com,267-(102)456-4472,415 Amoth Park
Nancy,Hawkins,5/22/1910,nhawkins9b@youtu.be,970-(918)852-3230,79693 Fulton Alley
Adam,Mcdonald,5/30/1912,amcdonald9c@jigsy.com,86-(173)630-5244,3 Ridgeview Crossing
Jonathan,Cox,1/5/1965,jcox9d@privacy.gov.au,63-(592)384-7265,5460 Little Fleur Trail
Nancy,Sullivan,5/16/1952,nsullivan9e@eepurl.com,62-(154)191-3490,0364 Emmet Park
Carlos,Shaw,12/30/1952,cshaw9f@moonfruit.com,86-(787)786-1140,1868 Dottie Trail
Barbara,Ryan,10/10/1988,bryan9g@fotki.com,47-(430)179-6969,9214 Tomscot Trail
Brandon,Moore,3/16/1993,bmoore9h@ameblo.jp,351-(541)787-1806,0 Golf Plaza
Jean,Henry,3/8/1929,jhenry9i@dyndns.org,86-(315)920-9372,93 Kennedy Way
Brandon,Harvey,4/25/1928,bharvey9j@tripadvisor.com,63-(353)842-5536,9 Oak Pass
Brian,West,4/25/1941,bwest9k@cnbc.com,86-(591)415-2932,84018 Hansons Avenue
Patrick,Day,2/23/1933,pday9l@acquirethisname.com,86-(987)577-3096,07071 Claremont Place
Harry,Howard,10/18/1984,hhoward9m@hibu.com,86-(741)685-1029,149 Utah Point
Betty,Howard,3/6/1979,bhoward9n@printfriendly.com,86-(685)639-4577,50082 Granby Way
Janice,Medina,4/15/1968,jmedina9o@quantcast.com,970-(607)582-1384,24 Vermont Parkway
Roy,Flores,3/25/1923,rflores9p@bloomberg.com,234-(657)902-2695,77703 Laurel Crossing
Donna,Hudson,5/18/1949,dhudson9q@biblegateway.com,62-(590)638-2514,5969 Elgar Circle
Ryan,Mccoy,1/15/1999,rmccoy9r@ucoz.com,27-(375)133-4896,48288 Beilfuss Parkway
Roger,Thompson,10/31/1938,rthompson9s@nbcnews.com,86-(632)220-9264,7163 Marquette Plaza
Susan,Snyder,2/8/1903,ssnyder9t@meetup.com,254-(361)754-3212,33 Commercial Pass
Lisa,Carroll,7/27/1934,lcarroll9u@wp.com,62-(754)501-8147,775 Hoffman Alley
Benjamin,Gomez,10/27/1918,bgomez9v@hatena.ne.jp,55-(846)938-3111,226 North Road
Rachel,Fisher,5/28/1918,rfisher9w@reverbnation.com,86-(852)477-7768,2039 Oak Trail
Beverly,Medina,8/1/1967,bmedina9x@elpais.com,54-(646)380-8960,5115 John Wall Drive
Phyllis,Green,2/13/1935,pgreen9y@mediafire.com,1-(404)396-6584,72998 Mccormick Avenue
Douglas,Scott,5/6/1972,dscott9z@angelfire.com,233-(683)263-6430,209 Sullivan Drive
Harry,Flores,11/8/1949,hfloresa0@delicious.com,33-(149)746-9126,85831 Blaine Park
Billy,Hansen,6/5/1926,bhansena1@jugem.jp,86-(146)154-3679,027 Northfield Parkway
Ernest,Ryan,7/27/1999,eryana2@goo.gl,62-(131)881-6693,3685 Clemons Center
Patrick,Long,6/28/1920,plonga3@chronoengine.com,1-(405)185-2443,143 8th Point
Jeffrey,Smith,11/16/1977,jsmitha4@skyrock.com,55-(258)438-8212,23 Cody Parkway
Elizabeth,Meyer,12/7/1945,emeyera5@rakuten.co.jp,62-(356)897-5252,38526 Drewry Hill
Benjamin,Harris,2/10/1914,bharrisa6@de.vu,86-(224)155-5148,615 Northridge Center
Margaret,Hill,4/20/1994,mhilla7@japanpost.jp,31-(888)389-0554,4 Washington Crossing
Jesse,Smith,8/22/1949,jsmitha8@nationalgeographic.com,57-(867)549-8760,33 Eastlawn Circle
Phyllis,Miller,5/6/1947,pmillera9@kickstarter.com,237-(280)396-0931,659 Mockingbird Road
Lillian,Stephens,6/8/1908,lstephensaa@msu.edu,7-(448)914-8940,107 Westridge Circle
Elizabeth,Palmer,10/23/1937,epalmerab@paypal.com,47-(938)729-2850,88853 Laurel Lane
Andrea,Peters,7/5/1904,apetersac@washingtonpost.com,33-(361)788-3929,16937 Kensington Avenue
Linda,Wright,10/8/1946,lwrightad@walmart.com,46-(167)252-7678,13642 Upham Hill
Johnny,Coleman,1/5/1953,jcolemanae@ebay.co.uk,382-(312)615-1829,798 Superior Center
Antonio,Perry,12/16/1995,aperryaf@delicious.com,355-(353)786-2598,76281 Springs Park
Dorothy,Mason,9/19/1910,dmasonag@admin.ch,62-(366)155-9854,4981 Lukken Center
Amy,Woods,1/12/1992,awoodsah@hao123.com,58-(188)470-9736,84484 Sloan Center
James,Kelly,8/28/1924,jkellyai@macromedia.com,976-(501)182-6273,0 Russell Terrace
Heather,Kim,3/21/1940,hkimaj@360.cn,86-(412)472-2938,86806 Sunbrook Terrace
Edward,Nelson,3/25/1919,enelsonak@time.com,66-(740)256-1407,7 Mallory Alley
Daniel,Castillo,3/16/1912,dcastilloal@symantec.com,62-(924)872-6622,961 Lunder Trail
Deborah,Jacobs,3/23/1918,djacobsam@omniture.com,55-(398)821-9028,8 Cottonwood Drive
Arthur,Reid,5/29/1908,areidan@tmall.com,62-(674)773-8427,9251 Tomscot Avenue
Rose,White,1/8/1985,rwhiteao@ycombinator.com,998-(934)641-9409,3 Monterey Trail
Willie,Henry,7/26/1969,whenryap@google.de,86-(316)627-1985,4 Towne Street
Harry,Nguyen,8/10/1962,hnguyenaq@mit.edu,63-(966)942-1889,784 Colorado Crossing
Kathleen,Robertson,7/15/1997,krobertsonar@ucsd.edu,7-(444)291-6705,2719 Crownhardt Terrace
Kathy,King,3/23/1901,kkingas@cyberchimps.com,234-(393)624-3651,53 Lukken Crossing
Kelly,Henderson,9/26/1962,khendersonat@biblegateway.com,86-(852)198-9691,721 Marcy Trail
Patrick,Kelly,9/10/1921,pkellyau@ifeng.com,86-(549)252-0420,9 Green Hill
Debra,Wallace,12/21/1913,dwallaceav@ameblo.jp,381-(170)866-5104,9558 Nova Way
Steven,Long,6/3/1942,slongaw@creativecommons.org,46-(798)315-5693,2 Vidon Terrace
Cynthia,Kelly,7/1/1943,ckellyax@marketwatch.com,7-(796)728-3292,629 Crescent Oaks Pass
Larry,Henderson,2/25/1970,lhendersonay@paypal.com,254-(852)962-0467,7702 Dawn Trail
Janet,Bowman,7/11/1977,jbowmanaz@hibu.com,57-(216)902-5913,289 Everett Street
Eric,Mccoy,9/1/1974,emccoyb0@reddit.com,420-(516)252-5661,4 Monterey Park
Sharon,Gilbert,7/30/1947,sgilbertb1@canalblog.com,686-(204)191-7508,71 Scoville Lane
John,Berry,11/15/1935,jberryb2@independent.co.uk,420-(791)224-1833,4250 Walton Place
Earl,Ferguson,3/17/1915,efergusonb3@tumblr.com,81-(679)862-1693,04998 Stoughton Alley
Carolyn,Morales,7/4/1976,cmoralesb4@yolasite.com,53-(908)232-5752,2395 Hallows Park
Randy,Gray,9/27/1975,rgrayb5@wix.com,31-(408)529-3264,55 Waubesa Junction
Angela,Murray,5/23/1962,amurrayb6@typepad.com,353-(382)352-4848,0 Banding Alley
Virginia,Reed,8/2/1973,vreedb7@nhs.uk,86-(759)229-8482,45064 Stoughton Center
Clarence,Kelly,1/18/1964,ckellyb8@pen.io,51-(887)735-5155,196 Beilfuss Circle
Carolyn,Moreno,1/24/1916,cmorenob9@chron.com,48-(113)286-6413,06 Center Junction
Lisa,Mason,10/21/1939,lmasonba@blinklist.com,48-(381)875-6687,7 Swallow Street
Jeremy,Moore,4/2/1971,jmoorebb@nyu.edu,86-(624)895-2910,3 Cherokee Circle
Gregory,Hansen,7/20/1931,ghansenbc@nytimes.com,95-(918)368-3237,433 Duke Place
Rachel,Banks,1/21/1947,rbanksbd@macromedia.com,998-(581)856-6163,90 Dottie Parkway
Bonnie,Ward,5/5/1919,bwardbe@wired.com,970-(594)818-8019,9475 Bellgrove Trail
Linda,Ward,4/30/1953,lwardbf@sun.com,7-(111)409-6478,89 Rowland Center
Annie,Reid,3/10/1994,areidbg@plala.or.jp,62-(910)467-7549,2 Farwell Parkway
Johnny,Rice,5/22/1939,jricebh@sfgate.com,81-(541)298-5594,6017 Spohn Road
Lawrence,Perkins,7/22/1975,lperkinsbi@seesaa.net,1-(865)611-8397,384 Birchwood Center
Kimberly,Banks,7/2/1976,kbanksbj@redcross.org,62-(953)875-0019,3088 Morningstar Point
Tina,White,5/15/1902,twhitebk@feedburner.com,86-(295)579-2805,0857 Gateway Pass
Randy,Garrett,4/3/1937,rgarrettbl@reference.com,359-(434)236-5122,20 Sachtjen Avenue
Stephen,Fowler,2/27/1932,sfowlerbm@wikimedia.org,46-(577)457-4129,19761 Tennyson Trail
Fred,Roberts,7/16/1905,frobertsbn@merriam-webster.com,86-(560)239-7345,99218 Gina Crossing
Jose,Welch,6/29/1942,jwelchbo@bloglines.com,1-(140)853-9246,3 Burning Wood Drive
Sharon,Garza,11/20/1949,sgarzabp@360.cn,52-(344)640-8377,21996 Dixon Road
Carol,Welch,9/1/1985,cwelchbq@webeden.co.uk,86-(135)390-0579,3386 Menomonie Way
Rose,Gardner,7/22/1962,rgardnerbr@nbcnews.com,1-(495)691-4998,3750 Doe Crossing Lane
Paul,Castillo,3/22/1953,pcastillobs@360.cn,62-(195)467-8680,33 Troy Street
Walter,Gilbert,11/8/1926,wgilbertbt@springer.com,63-(575)439-0570,5917 Scofield Plaza
Sara,Perry,6/14/1986,sperrybu@i2i.jp,33-(953)992-4377,72 Banding Crossing
Cynthia,Gibson,8/21/1915,cgibsonbv@sohu.com,380-(931)203-2636,7 Northwestern Junction
Kathryn,Rogers,10/19/1942,krogersbw@loc.gov,86-(139)502-9313,5477 Jenifer Circle
Wayne,Nichols,4/22/1914,wnicholsbx@imageshack.us,380-(504)730-5077,80892 Cordelia Alley
Earl,Wood,1/3/1958,ewoodby@wp.com,86-(821)273-1503,5 Kings Center
Daniel,Medina,12/19/1955,dmedinabz@ca.gov,86-(811)783-7125,92 Daystar Street
Barbara,Vasquez,10/5/1969,bvasquezc0@nydailynews.com,62-(611)694-4139,1 Ilene Place
Angela,Williamson,12/11/1998,awilliamsonc1@gizmodo.com,375-(899)791-5873,66573 Merrick Hill
Carlos,Sullivan,12/7/1977,csullivanc2@oaic.gov.au,232-(824)393-4544,873 Esker Point
Jacqueline,Andrews,3/26/1970,jandrewsc3@stanford.edu,355-(458)911-9458,958 Mccormick Road
Emily,Brooks,3/20/1962,ebrooksc4@scientificamerican.com,234-(750)572-0186,1486 Charing Cross Place
Adam,Spencer,10/23/1922,aspencerc5@etsy.com,86-(278)152-6055,99041 Twin Pines Street
Harold,Cruz,12/20/1944,hcruzc6@psu.edu,62-(589)818-6093,171 Little Fleur Parkway
Diane,Hicks,3/22/1914,dhicksc7@yahoo.com,86-(557)373-6991,993 Northwestern Circle
Phyllis,Martin,5/15/1906,pmartinc8@opensource.org,420-(202)648-5368,9324 Washington Lane
Wanda,Webb,6/15/1969,wwebbc9@simplemachines.org,86-(967)564-6617,624 Tony Alley
Margaret,Franklin,9/7/1978,mfranklinca@upenn.edu,385-(124)445-1592,551 Valley Edge Pass
Scott,Baker,10/25/1944,sbakercb@w3.org,381-(327)535-8978,2 Lakewood Gardens Road
Michael,Castillo,10/12/1926,mcastillocc@mozilla.org,51-(300)732-8195,1169 Dexter Alley
Robert,Chapman,12/14/1979,rchapmancd@netscape.com,57-(270)348-7460,13 Sugar Place
Phyllis,Perry,12/27/1900,pperryce@google.co.jp,62-(323)436-6505,6967 Fremont Terrace
Gary,Bradley,11/3/1998,gbradleycf@bloglines.com,598-(222)187-8289,97 Fisk Point
Stephen,Meyer,11/1/1998,smeyercg@sciencedirect.com,62-(623)859-1159,79277 Roth Circle
James,Nichols,6/7/1950,jnicholsch@furl.net,46-(430)985-6631,284 Pepper Wood Place
Walter,Castillo,12/8/1915,wcastilloci@eventbrite.com,52-(200)564-2470,117 Commercial Drive
Craig,Daniels,3/26/1977,cdanielscj@blogs.com,351-(142)515-2669,5 Melrose Point
Jeremy,Bishop,9/4/1971,jbishopck@gmpg.org,55-(491)490-3314,879 Bayside Hill
Jerry,Woods,1/18/1964,jwoodscl@free.fr,63-(834)896-7333,865 Division Trail
Victor,Fisher,4/26/1960,vfishercm@pbs.org,48-(300)624-4892,690 Bunting Circle
Frank,Harper,10/30/1966,fharpercn@kickstarter.com,242-(951)770-8093,0595 Raven Court
Katherine,Burton,1/23/1941,kburtonco@github.io,86-(174)213-0830,19 Cherokee Street
Linda,Johnston,4/10/1906,ljohnstoncp@timesonline.co.uk,86-(573)854-4589,58281 Anzinger Drive
Carol,Russell,5/8/1938,crussellcq@samsung.com,86-(590)317-2688,18662 Continental Street
Billy,Anderson,8/21/1921,bandersoncr@reddit.com,963-(588)991-5587,7103 Erie Alley
Deborah,Jenkins,9/29/1913,djenkinscs@weebly.com,86-(737)304-3160,72331 Northview Terrace
Richard,Stewart,5/14/1925,rstewartct@amazon.com,55-(277)707-1737,8524 Sycamore Trail
Louise,Rice,12/11/1961,lricecu@thetimes.co.uk,86-(584)131-1290,20 Old Gate Center
Theresa,Gibson,2/18/1995,tgibsoncv@kickstarter.com,62-(882)829-4171,1 Sunbrook Crossing
Barbara,Bell,3/28/1977,bbellcw@vimeo.com,63-(483)464-7041,69 Melby Parkway
Jerry,Dixon,3/29/1906,jdixoncx@liveinternet.ru,7-(483)127-6043,646 Sage Circle
Mary,Sanders,11/7/1904,msanderscy@ezinearticles.com,380-(812)111-0894,9371 Annamark Center
Joshua,Gonzalez,6/20/1941,jgonzalezcz@samsung.com,57-(792)922-2173,153 Laurel Way
Karen,Fuller,5/10/1934,kfullerd0@biblegateway.com,62-(894)391-1498,5 Glacier Hill Avenue
Mildred,Black,1/3/1979,mblackd1@vkontakte.ru,86-(871)601-0878,50 Forest Alley
Terry,Gomez,5/23/1959,tgomezd2@berkeley.edu,86-(386)557-4822,3 Jenna Alley
Gary,Diaz,10/9/1904,gdiazd3@purevolume.com,591-(166)495-9700,4069 Bluestem Alley
Phyllis,Allen,11/14/1902,pallend4@auda.org.au,380-(659)613-2441,1 Dunning Street
Jason,Wallace,11/29/1961,jwallaced5@cnbc.com,86-(384)204-4271,9425 Brentwood Center
Heather,Roberts,12/15/1907,hrobertsd6@wunderground.com,1-(983)573-6609,77590 Bultman Street
Jennifer,Simpson,2/7/1914,jsimpsond7@nifty.com,60-(240)224-7045,795 Cherokee Street
Ashley,Cruz,9/11/1942,acruzd8@sphinn.com,850-(186)364-1384,78 Declaration Junction
Wayne,Reed,7/2/1964,wreedd9@homestead.com,62-(155)392-2673,3268 Anderson Road
Billy,Lawrence,10/28/1935,blawrenceda@japanpost.jp,60-(954)951-6406,4067 Kipling Road
Samuel,Howard,2/3/1987,showarddb@sohu.com,54-(897)737-6004,3 Forest Park
Phillip,Hunt,4/29/1972,phuntdc@wikia.com,63-(507)653-8387,2478 High Crossing Junction
Amanda,Bishop,12/23/1948,abishopdd@list-manage.com,976-(592)357-2971,51392 Hudson Street
Robert,Roberts,1/12/1964,rrobertsde@vimeo.com,52-(591)759-1115,70 Barby Terrace
Ralph,Mason,9/29/1973,rmasondf@netvibes.com,63-(543)137-8241,5 Kropf Junction
William,Myers,1/12/1949,wmyersdg@cpanel.net,58-(917)144-6957,017 Rockefeller Point
Russell,Ross,8/16/1969,rrossdh@prlog.org,46-(168)406-7668,00181 Sundown Pass
Denise,Fields,11/20/1969,dfieldsdi@fastcompany.com,592-(219)996-3308,93645 Clove Circle
Patricia,Wells,4/8/1959,pwellsdj@a8.net,66-(120)636-2058,38726 Nancy Plaza
Nicole,Robinson,8/1/1957,nrobinsondk@ibm.com,977-(810)656-0546,3183 Blackbird Drive
Gary,Howell,10/25/1967,ghowelldl@wiley.com,31-(291)356-8697,243 Butterfield Pass
Ann,Rose,10/21/1949,arosedm@issuu.com,82-(327)573-4444,10565 Fieldstone Junction
Julia,Sanders,12/18/1908,jsandersdn@friendfeed.com,95-(783)776-3869,2 Helena Trail
Jack,Cox,2/12/1940,jcoxdo@oracle.com,86-(731)229-0838,160 Warrior Street
Beverly,Rivera,2/4/1989,briveradp@mail.ru,351-(147)133-8745,987 Walton Terrace
Elizabeth,Brown,12/4/1994,ebrowndq@illinois.edu,675-(378)500-6172,3606 Lien Lane
Peter,Matthews,8/1/1993,pmatthewsdr@google.co.uk,86-(389)112-8276,17498 Spohn Drive
Scott,Grant,12/14/1962,sgrantds@psu.edu,54-(395)194-7340,69558 Arrowood Avenue
Carlos,Harris,6/8/1926,charrisdt@mtv.com,351-(529)330-8768,77 Village Way
Maria,Ruiz,3/23/1916,mruizdu@paypal.com,996-(929)634-8598,90 La Follette Drive
Patricia,Lawson,7/17/1933,plawsondv@engadget.com,504-(433)129-2623,69 Vera Place
Jonathan,Daniels,7/10/1994,jdanielsdw@phpbb.com,7-(992)188-3151,84578 Dunning Court
Ann,Robinson,5/23/1908,arobinsondx@nature.com,86-(703)112-3956,84284 Debs Point
Steven,Wright,2/7/1981,swrightdy@wsj.com,86-(522)795-7879,358 Ruskin Terrace
Margaret,Vasquez,9/22/1941,mvasquezdz@so-net.ne.jp,63-(642)145-7285,85586 Tomscot Center
Carl,Lewis,1/25/1920,clewise0@virginia.edu,380-(529)695-2937,230 Welch Court
Angela,Lynch,10/29/1921,alynche1@blogger.com,86-(309)190-8114,7 4th Drive
Antonio,Freeman,1/7/1971,afreemane2@etsy.com,372-(399)541-0949,8281 Jana Avenue
Theresa,Gomez,10/1/1925,tgomeze3@theatlantic.com,63-(850)568-5835,41097 Doe Crossing Drive
Chris,George,12/16/1962,cgeorgee4@gmpg.org,86-(100)531-6381,3 Village Street
Christopher,Diaz,9/14/1963,cdiaze5@amazon.co.jp,81-(197)517-3098,22 Morrow Trail
Gregory,Jordan,9/27/1947,gjordane6@furl.net,62-(703)863-1264,04124 Lillian Parkway
Wanda,Jordan,6/21/1979,wjordane7@webs.com,52-(995)724-3085,584 Cardinal Road
Patrick,Garza,11/23/1953,pgarzae8@epa.gov,420-(920)311-6633,9064 Magdeline Place
Emily,Johnson,8/28/1943,ejohnsone9@aol.com,269-(820)715-2541,684 Elka Road
Todd,Fisher,8/22/1928,tfisherea@guardian.co.uk,66-(120)340-2443,386 Cardinal Circle
Nancy,Sanders,3/30/1908,nsanderseb@usnews.com,86-(902)370-2607,3 Merry Trail
Alan,Ellis,6/9/1909,aellisec@noaa.gov,351-(687)934-2092,1 Corscot Park
Frances,Pierce,2/17/1973,fpierceed@google.pl,48-(925)744-7429,517 Hallows Avenue
Jack,Knight,2/13/1903,jknightee@flavors.me,420-(247)754-3630,60345 Coleman Park
Norma,Rivera,3/30/1964,nriveraef@bloomberg.com,63-(120)183-8556,84 Linden Center
Ronald,Owens,10/30/1985,rowenseg@last.fm,994-(955)819-2127,19582 Bobwhite Trail
Julie,Welch,10/7/1980,jwelcheh@paginegialle.it,216-(735)884-2467,62 Stuart Avenue
Sharon,Murphy,1/1/1960,smurphyei@about.me,48-(241)346-5147,78069 Leroy Alley
Evelyn,Henderson,12/7/1903,ehendersonej@gravatar.com,504-(840)956-0873,088 Hayes Junction
Eugene,Cooper,2/16/1966,ecooperek@techcrunch.com,62-(837)708-5838,18038 Anzinger Alley
Harold,Carter,3/24/1937,hcarterel@bloglines.com,51-(694)694-8759,6 Nelson Drive
Michael,Young,10/4/1998,myoungem@domainmarket.com,55-(878)566-6093,244 Stone Corner Park
Eugene,Pierce,1/24/1993,epierceen@networksolutions.com,63-(493)169-8651,17575 Elgar Pass
Patricia,Burton,9/30/1980,pburtoneo@hexun.com,380-(972)607-9760,54836 Vernon Junction
Steve,Powell,12/22/1900,spowellep@ebay.co.uk,86-(424)330-6543,794 Fallview Lane
Fred,Cruz,5/28/1948,fcruzeq@hp.com,84-(673)605-1650,197 Bartillon Lane
Barbara,Daniels,5/9/1901,bdanielser@shop-pro.jp,33-(196)807-9585,27 Merchant Alley
Susan,Jones,1/30/1979,sjoneses@cdbaby.com,225-(101)817-9633,9 Loftsgordon Junction
Diane,Watson,6/22/1999,dwatsonet@answers.com,63-(663)962-8329,26585 Carey Crossing
Evelyn,Stone,12/13/1961,estoneeu@digg.com,7-(292)238-9345,213 Hansons Junction
Albert,Hill,7/16/1930,ahillev@indiegogo.com,30-(378)233-4557,5 Grim Drive
Diana,Gilbert,11/20/1943,dgilbertew@newsvine.com,86-(890)748-6002,5909 Schlimgen Avenue
Antonio,Jones,5/28/1904,ajonesex@arstechnica.com,7-(613)717-8483,706 Fuller Pass
Craig,George,9/2/1999,cgeorgeey@hexun.com,63-(624)145-2353,42 Mallory Circle
Kelly,Morgan,1/29/1965,kmorganez@msn.com,33-(359)111-2390,553 Gateway Center
Charles,Day,8/11/1958,cdayf0@drupal.org,92-(547)889-2904,16306 Garrison Point
Linda,White,1/24/1990,lwhitef1@csmonitor.com,86-(103)449-3341,2505 Declaration Court
Jacqueline,Riley,3/28/1988,jrileyf2@house.gov,98-(814)379-2512,81 Jay Pass
Christopher,Jones,12/16/1936,cjonesf3@disqus.com,63-(934)857-2888,3309 Artisan Center
Matthew,Cooper,5/18/1918,mcooperf4@usatoday.com,84-(933)519-7105,7465 Norway Maple Avenue
Ernest,Wagner,2/4/1970,ewagnerf5@mlb.com,963-(706)823-5230,84587 Jackson Park
Diane,Willis,3/22/1998,dwillisf6@youtube.com,1-(388)601-9206,1 Hayes Hill
Todd,Simpson,12/30/1953,tsimpsonf7@ycombinator.com,62-(291)245-3575,4 Russell Junction
Chris,Little,11/11/1937,clittlef8@photobucket.com,62-(694)759-8351,63623 Daystar Center
Benjamin,Kelley,5/25/1965,bkelleyf9@yellowbook.com,62-(466)521-1583,8 Lyons Trail
Julia,Ortiz,10/3/1956,jortizfa@trellian.com,62-(920)594-1368,35 Hauk Street
Gloria,Lee,5/16/1990,gleefb@taobao.com,62-(775)602-6282,16 Bashford Court
Henry,Campbell,8/20/1937,hcampbellfc@list-manage.com,7-(404)294-5609,795 Green Ridge Way
Richard,Johnson,4/24/1980,rjohnsonfd@wikia.com,234-(850)488-2957,54308 Bultman Court
Norma,Reyes,10/5/1957,nreyesfe@microsoft.com,254-(223)490-8272,52 Cottonwood Hill
Larry,Carr,7/30/1987,lcarrff@mlb.com,62-(479)598-1147,0 Express Hill
Carol,Simpson,2/11/1904,csimpsonfg@nps.gov,48-(527)409-0078,43956 Loftsgordon Park
Gerald,Lopez,9/30/1955,glopezfh@prweb.com,86-(617)659-3476,78 Hermina Avenue
Katherine,Richards,5/18/1901,krichardsfi@pcworld.com,591-(453)224-5984,2360 Mendota Plaza
Johnny,Alvarez,7/3/1957,jalvarezfj@apache.org,92-(444)226-1113,3955 Kennedy Street
Jerry,Duncan,7/1/1906,jduncanfk@flickr.com,86-(934)410-2588,8 Forest Dale Plaza
Jose,Woods,5/23/1922,jwoodsfl@google.es,46-(366)406-8379,63 Mifflin Alley
Lois,Freeman,5/27/1909,lfreemanfm@seesaa.net,504-(953)719-9754,5 Oakridge Road
Judy,Gonzalez,11/11/1929,jgonzalezfn@merriam-webster.com,62-(566)942-9063,2 Mccormick Way
Joe,Fowler,8/11/1968,jfowlerfo@nytimes.com,54-(728)990-2310,250 5th Parkway
Alice,Nichols,10/27/1988,anicholsfp@adobe.com,63-(733)191-3830,3908 Carpenter Junction
Fred,Mason,4/12/1980,fmasonfq@google.co.uk,86-(389)896-4809,4060 Evergreen Junction
Albert,Jones,3/6/1968,ajonesfr@sohu.com,81-(278)717-9787,06 Express Plaza
Albert,Andrews,8/4/1912,aandrewsfs@cafepress.com,62-(209)272-0137,81205 Rowland Place
Jessica,Hanson,9/21/1947,jhansonft@smh.com.au,54-(482)669-3336,2 Moose Road
Lois,Carroll,11/27/1996,lcarrollfu@irs.gov,63-(140)455-9584,06 Parkside Circle
Jose,Nelson,2/18/1999,jnelsonfv@businesswire.com,62-(266)556-4640,09957 Cottonwood Center
Juan,Medina,4/10/1958,jmedinafw@usa.gov,48-(645)672-3076,6312 Homewood Crossing
Michael,Wheeler,5/31/1978,mwheelerfx@people.com.cn,963-(746)387-7208,9440 Stephen Plaza
Kathy,Henry,7/17/1931,khenryfy@imdb.com,55-(165)260-3326,0681 Eliot Way
Amy,Duncan,11/20/1994,aduncanfz@si.edu,351-(680)922-7650,4 Raven Center
Ashley,Gomez,3/3/1966,agomezg0@bing.com,86-(770)216-1140,6 Artisan Alley
Billy,Alexander,10/15/1979,balexanderg1@blinklist.com,33-(417)333-2759,45717 Summer Ridge Park
Charles,Butler,2/15/1963,cbutlerg2@meetup.com,1-(704)374-4179,7649 Kensington Road
Judy,West,11/11/1958,jwestg3@cpanel.net,7-(337)280-9667,457 Fisk Trail
Emily,Mitchell,10/6/1989,emitchellg4@xinhuanet.com,381-(956)336-3843,87 Bashford Circle
Maria,Ford,4/16/1988,mfordg5@technorati.com,381-(437)773-9092,33085 Kipling Street
Emily,Grant,8/8/1969,egrantg6@theguardian.com,81-(965)129-7078,181 Mifflin Pass
Ernest,Young,2/1/1908,eyoungg7@devhub.com,20-(498)669-3106,53158 Chinook Road
Lawrence,Franklin,5/19/1994,lfrankling8@fotki.com,86-(556)555-2586,9 Declaration Hill
Louise,Rivera,9/7/1970,lriverag9@yellowpages.com,63-(880)803-7153,1 Eggendart Road
Carolyn,Davis,10/20/1959,cdavisga@geocities.com,593-(132)534-0989,4 Jackson Crossing
Edward,Sullivan,6/10/1974,esullivangb@examiner.com,36-(988)428-8824,7 Goodland Pass
Ashley,Watson,12/29/1916,awatsongc@tripadvisor.com,62-(624)320-9472,20480 Doe Crossing Park
Frances,Hughes,2/16/1948,fhughesgd@reddit.com,599-(262)635-3285,643 Morning Plaza
Harold,Mcdonald,1/24/1961,hmcdonaldge@devhub.com,86-(449)934-5122,0 Waxwing Terrace
Steve,Martinez,8/25/1970,smartinezgf@comsenz.com,86-(520)580-0785,03578 Sycamore Road
Julie,Robertson,2/23/1941,jrobertsongg@pen.io,380-(464)566-6346,1842 Roth Road
Lawrence,Bradley,7/11/1936,lbradleygh@cisco.com,1-(913)641-4914,793 Kennedy Point
Nicholas,Duncan,3/22/1965,nduncangi@amazonaws.com,62-(125)517-4697,056 Swallow Junction
Ashley,Hayes,9/21/1995,ahayesgj@slate.com,30-(611)932-0981,5 Memorial Point
Stephanie,Sanders,12/14/1952,ssandersgk@acquirethisname.com,62-(944)787-7492,7 Continental Road
Anna,Pierce,8/2/1950,apiercegl@mediafire.com,234-(665)764-9253,247 Tomscot Lane
Phyllis,Alexander,5/9/1931,palexandergm@squidoo.com,1-(714)709-6436,4 Talmadge Parkway
Ronald,Gonzalez,10/10/1980,rgonzalezgn@drupal.org,86-(860)117-1090,19 David Circle
Sandra,Williamson,8/2/1955,swilliamsongo@telegraph.co.uk,86-(273)653-1157,3380 Claremont Junction
Evelyn,Wells,5/5/1908,ewellsgp@e-recht24.de,7-(404)222-0342,2 Springview Pass
Ruby,Holmes,6/15/1925,rholmesgq@barnesandnoble.com,1-(743)923-2363,406 Bashford Point
Harold,Hernandez,2/28/1948,hhernandezgr@scribd.com,261-(587)159-5805,7 Stuart Road
George,Anderson,10/31/1992,gandersongs@globo.com,86-(415)593-1634,9 Harper Drive
John,Davis,12/28/1997,jdavisgt@marketwatch.com,55-(423)211-5313,44790 Boyd Alley
Phillip,Sanchez,10/7/1905,psanchezgu@geocities.jp,48-(582)337-1444,082 Pepper Wood Pass
Jason,Hansen,10/13/1910,jhansengv@fda.gov,7-(698)558-3300,691 Westend Road
Ronald,Robinson,9/23/1915,rrobinsongw@wix.com,86-(630)228-1150,37569 Rutledge Park
Steve,Henderson,12/17/1985,shendersongx@redcross.org,86-(806)362-6824,4575 Gateway Way
Alice,Coleman,2/18/1948,acolemangy@ifeng.com,86-(261)864-0160,3 Anzinger Junction
Judith,Sullivan,5/7/1930,jsullivangz@taobao.com,420-(463)846-1973,50 Annamark Park
David,King,9/23/1949,dkingh0@webmd.com,86-(773)996-3892,07 Farragut Plaza
George,Green,10/13/1966,ggreenh1@wufoo.com,86-(978)455-1023,0 Sullivan Point
Brenda,Nelson,12/31/1963,bnelsonh2@mozilla.org,62-(453)833-5512,03953 Susan Park
Gregory,Hernandez,3/8/1985,ghernandezh3@icq.com,351-(463)338-3962,88438 Merrick Lane
Charles,Banks,7/2/1900,cbanksh4@livejournal.com,57-(278)107-5561,021 Fulton Street
Douglas,Perry,6/14/1963,dperryh5@intel.com,7-(502)917-8673,8 Blaine Crossing
Walter,Harrison,11/11/1905,wharrisonh6@disqus.com,380-(217)232-8277,96 Warner Court
Thomas,Murray,5/24/1960,tmurrayh7@mozilla.org,48-(636)538-5945,105 Tomscot Lane
Helen,Hansen,11/1/1942,hhansenh8@mozilla.org,7-(588)835-3731,8 Farragut Trail
Teresa,Sanders,12/19/1941,tsandersh9@xrea.com,351-(872)300-4191,99 Mandrake Street
Gary,Parker,3/27/1918,gparkerha@msn.com,387-(319)465-2104,8 Anniversary Lane
Wayne,Reynolds,6/22/1971,wreynoldshb@wired.com,261-(608)671-2846,17 Delladonna Pass
Susan,Stevens,12/15/1953,sstevenshc@weather.com,86-(334)601-4195,52 Holmberg Street
Juan,Kelly,12/18/1947,jkellyhd@boston.com,55-(944)589-1987,23 Spaight Plaza
Phyllis,Green,6/5/1909,pgreenhe@php.net,46-(624)659-5586,770 Harbort Junction
Heather,Ferguson,2/23/1998,hfergusonhf@e-recht24.de,63-(936)714-8473,95 Bunker Hill Avenue
Rebecca,Medina,6/5/1939,rmedinahg@merriam-webster.com,591-(555)812-1750,4325 Mockingbird Road
Stephanie,Harper,10/1/1921,sharperhh@creativecommons.org,63-(588)183-7386,759 Gateway Trail
Joyce,Medina,5/4/1992,jmedinahi@e-recht24.de,420-(418)781-3043,86067 Drewry Crossing
Gloria,Nguyen,2/9/1963,gnguyenhj@theatlantic.com,7-(593)397-2244,2 Vidon Terrace
Michelle,Dean,7/9/1916,mdeanhk@ifeng.com,55-(180)382-7244,37 Fisk Parkway
Edward,Riley,6/27/1970,erileyhl@rakuten.co.jp,212-(930)561-5485,0107 Manley Park
Stephanie,Lee,8/14/1956,sleehm@seattletimes.com,420-(531)511-8185,322 Knutson Crossing
Christopher,Romero,6/13/1972,cromerohn@studiopress.com,86-(745)615-8588,77681 Continental Street
Helen,Rodriguez,4/7/1984,hrodriguezho@drupal.org,7-(964)469-6607,5097 Rieder Way
Deborah,Schmidt,10/14/1932,dschmidthp@senate.gov,62-(287)438-7744,0321 Katie Place
Ashley,Edwards,5/18/1978,aedwardshq@mediafire.com,62-(996)866-7055,28401 Gulseth Alley
Patricia,Payne,6/28/1938,ppaynehr@unicef.org,98-(724)778-2516,103 Scott Lane
Samuel,Schmidt,10/19/1923,sschmidths@cisco.com,62-(678)303-3928,4102 Rockefeller Circle
Katherine,Ross,8/14/1986,krossht@webs.com,63-(292)156-7501,698 Oak Valley Street
Barbara,Wagner,10/23/1905,bwagnerhu@posterous.com,7-(217)996-8648,74199 Blackbird Alley
Rachel,Rogers,8/12/1916,rrogershv@github.io,62-(597)491-7647,64348 Brickson Park Street
Bruce,Meyer,7/12/1990,bmeyerhw@google.com,51-(231)193-8806,78 Bultman Hill
Roy,Owens,2/28/1980,rowenshx@guardian.co.uk,51-(339)268-6312,1143 Donald Avenue
Steve,Garza,5/29/1964,sgarzahy@jalbum.net,33-(803)453-0158,93652 Reinke Way
Marilyn,Griffin,2/22/1962,mgriffinhz@cbsnews.com,63-(946)301-4354,4587 Farragut Avenue
Julia,Price,1/31/1945,jpricei0@csmonitor.com,33-(941)353-9301,82923 5th Court
Thomas,Thomas,4/6/1961,tthomasi1@exblog.jp,380-(425)484-9416,8 Upham Place
Judith,Bradley,9/1/1998,jbradleyi2@springer.com,212-(453)801-8163,1843 Bayside Circle
Anthony,Lopez,12/23/1937,alopezi3@squidoo.com,86-(907)444-9914,3483 Superior Parkway
George,Cook,7/5/1993,gcooki4@blogspot.com,237-(971)979-3838,424 Bobwhite Point
Fred,Simpson,9/2/1965,fsimpsoni5@acquirethisname.com,33-(702)925-4268,88015 Riverside Alley
Julie,Matthews,8/4/1962,jmatthewsi6@artisteer.com,48-(106)383-3279,46555 Blue Bill Park Court
Doris,Kelly,5/16/1911,dkellyi7@addthis.com,51-(701)159-4594,2 Sullivan Street
Mary,Reyes,2/25/1914,mreyesi8@joomla.org,420-(375)860-8498,522 Dapin Park
Anthony,Morales,8/4/1912,amoralesi9@sphinn.com,962-(107)934-8052,29 Hollow Ridge Avenue
Betty,Kelly,8/3/1910,bkellyia@eepurl.com,48-(135)593-2700,57645 Steensland Hill
Jennifer,Warren,10/31/1927,jwarrenib@t-online.de,269-(942)855-9488,1 Jackson Point
Marie,Alexander,2/23/1927,malexanderic@stumbleupon.com,55-(638)350-2708,6335 Rieder Place
Norma,Dean,3/25/1984,ndeanid@blogspot.com,7-(130)782-3573,26186 Meadow Valley Circle
Denise,Burns,8/24/1994,dburnsie@fema.gov,380-(631)157-9939,9670 Golden Leaf Road
Jennifer,Hayes,2/24/1906,jhayesif@businesswire.com,51-(479)881-0482,945 John Wall Terrace
Brandon,Hicks,7/21/1993,bhicksig@google.com.hk,63-(111)210-6273,523 Grayhawk Junction
Kathryn,Montgomery,7/11/1993,kmontgomeryih@geocities.com,33-(164)739-9523,5885 Mariners Cove Alley
Randy,Hart,7/6/1968,rhartii@arstechnica.com,976-(773)119-0063,92113 Mcbride Street
William,Barnes,9/25/1976,wbarnesij@google.com.br,64-(253)430-8732,2643 Hoepker Alley
Julia,Armstrong,10/24/1968,jarmstrongik@alibaba.com,383-(804)777-6348,4 Rieder Avenue
Lois,Morris,3/24/1978,lmorrisil@meetup.com,86-(559)275-7485,691 Saint Paul Crossing
Christine,Andrews,8/13/1944,candrewsim@ihg.com,63-(831)654-8664,98415 Monument Plaza
Maria,Harper,12/25/1994,mharperin@globo.com,53-(954)860-0323,50367 Oak Valley Park
Lawrence,Flores,12/10/1918,lfloresio@hao123.com,972-(559)900-9201,000 Duke Center
Clarence,Ramos,10/14/1985,cramosip@bloglovin.com,7-(638)662-7449,33 Graedel Point
Todd,Day,4/12/1983,tdayiq@foxnews.com,86-(990)494-7256,342 Muir Point
Michael,Morrison,4/11/1990,mmorrisonir@moonfruit.com,374-(898)741-6367,014 Coolidge Drive
Janet,Torres,10/6/1957,jtorresis@tmall.com,86-(738)972-1532,042 Jackson Road
Christina,Hernandez,6/21/1940,chernandezit@clickbank.net,358-(107)285-2584,352 Raven Drive
Denise,Cox,11/25/1958,dcoxiu@facebook.com,55-(533)167-4026,0 Tomscot Place
Ruby,Wagner,12/22/1964,rwagneriv@weather.com,670-(450)608-4022,2 Haas Place
Wayne,Mcdonald,2/20/1995,wmcdonaldiw@epa.gov,92-(594)306-9973,964 Debra Way
Rose,Bennett,8/13/1904,rbennettix@drupal.org,51-(759)864-7197,8 Basil Point
Stephen,King,5/25/1936,skingiy@stumbleupon.com,86-(434)196-7145,88 Forest Run Terrace
Johnny,Rice,1/8/1972,jriceiz@behance.net,86-(451)886-9960,58 Elmside Circle
Doris,Cooper,7/8/1986,dcooperj0@who.int,964-(337)843-5819,7 Towne Way
Anna,Stanley,7/4/1974,astanleyj1@qq.com,62-(383)587-7525,67 Graedel Point
Johnny,Berry,10/20/1952,jberryj2@nifty.com,269-(620)430-5530,35519 Banding Street
Carol,Reynolds,3/30/1976,creynoldsj3@jalbum.net,1-(504)685-9454,4 Dottie Hill
William,Coleman,1/2/1926,wcolemanj4@gnu.org,52-(143)272-3480,1251 Vera Lane
Frances,Stone,9/24/1962,fstonej5@nationalgeographic.com,63-(472)213-4937,5 Beilfuss Terrace
Carl,Price,6/7/1903,cpricej6@slate.com,1-(600)776-6616,74948 American Park
Dorothy,Shaw,10/4/1958,dshawj7@wordpress.com,86-(281)679-0759,9993 7th Way
Theresa,Bennett,2/8/1958,tbennettj8@paginegialle.it,62-(376)947-9633,81163 Graceland Crossing
Roy,Marshall,6/21/1910,rmarshallj9@aboutads.info,58-(237)799-8988,582 Jenna Lane
Arthur,Dunn,2/9/1982,adunnja@shareasale.com,62-(657)906-0110,6 Sachs Alley
Katherine,Myers,7/11/1982,kmyersjb@nhs.uk,62-(374)489-8422,932 Autumn Leaf Plaza
Annie,Richards,4/24/1921,arichardsjc@msu.edu,7-(525)786-8165,4658 Gulseth Drive
Frank,Arnold,7/27/1909,farnoldjd@weebly.com,62-(644)631-7364,0 Hayes Way
Joseph,Dunn,9/20/1996,jdunnje@cbsnews.com,1-(304)909-2970,5954 Golf View Road
Louise,Rogers,1/15/1944,lrogersjf@indiatimes.com,86-(791)530-1834,83 East Hill
Cheryl,Fernandez,1/20/1997,cfernandezjg@vkontakte.ru,55-(558)804-2303,82460 Clove Road
Debra,Cruz,1/9/1906,dcruzjh@alexa.com,86-(506)205-6046,0 Forster Terrace
Anna,Reed,2/5/1943,areedji@odnoklassniki.ru,62-(799)197-1190,90 Bultman Point
Douglas,Flores,2/22/1934,dfloresjj@hugedomains.com,86-(910)226-9355,8 5th Parkway
Angela,Rivera,6/14/1928,ariverajk@go.com,86-(721)131-3958,87830 Northport Center
William,Garcia,5/19/1991,wgarciajl@godaddy.com,62-(980)829-7733,114 Warrior Avenue
Melissa,Kim,9/8/1906,mkimjm@icq.com,57-(366)690-4052,94 Ilene Hill
Arthur,Marshall,11/26/1966,amarshalljn@examiner.com,48-(989)401-9932,612 Loomis Crossing
Randy,Davis,1/1/1948,rdavisjo@fastcompany.com,996-(357)874-0466,83 Quincy Avenue
Keith,Scott,7/22/1927,kscottjp@google.it,81-(113)815-4426,61 4th Road
Betty,Patterson,6/20/1995,bpattersonjq@smh.com.au,351-(367)702-9769,322 Fairview Lane
Margaret,Daniels,3/19/1945,mdanielsjr@utexas.edu,86-(268)412-7398,08 Fair Oaks Pass
Gary,Elliott,10/19/1969,gelliottjs@npr.org,55-(540)528-8306,30 Vernon Hill
Sarah,Fox,7/23/1921,sfoxjt@geocities.jp,86-(467)673-6350,46546 Lillian Trail
Edward,Martin,11/18/1965,emartinju@ibm.com,53-(737)115-5316,6 Carberry Junction
Kathleen,Grant,10/30/1926,kgrantjv@yahoo.co.jp,36-(873)683-1712,1397 Kim Trail
Carlos,Gonzales,6/18/1936,cgonzalesjw@wsj.com,46-(156)172-7000,29096 Browning Trail
James,Gilbert,7/13/1995,jgilbertjx@japanpost.jp,48-(181)477-8931,8560 Hoepker Street
Robert,Gutierrez,6/30/1957,rgutierrezjy@msn.com,46-(213)477-3201,5 Darwin Pass
Rose,Black,5/8/1985,rblackjz@yelp.com,7-(964)127-7496,9 Loomis Lane
Carlos,West,12/3/1957,cwestk0@xing.com,84-(911)233-7282,9168 Warbler Trail
Phyllis,Elliott,2/19/1943,pelliottk1@umn.edu,596-(292)913-1567,9822 Arapahoe Crossing
Sharon,Thompson,11/6/1994,sthompsonk2@godaddy.com,86-(287)575-4941,4110 Buena Vista Junction
Gregory,Lopez,8/27/1963,glopezk3@youtu.be,7-(573)856-1359,4 Sutherland Point
Russell,Patterson,4/28/1990,rpattersonk4@nifty.com,54-(765)778-0318,3180 Ramsey Road
Edward,Smith,8/9/1922,esmithk5@ebay.com,62-(525)646-4450,366 Hansons Point
Judy,Torres,6/12/1979,jtorresk6@booking.com,62-(447)253-4142,36 Pepper Wood Point
Joseph,Gutierrez,2/15/1987,jgutierrezk7@cbsnews.com,62-(825)243-0163,7 Prentice Lane
Betty,Butler,8/2/1908,bbutlerk8@nbcnews.com,62-(516)669-6866,05 Oakridge Circle
Albert,Cox,12/1/1923,acoxk9@opera.com,62-(180)569-5506,9 International Plaza
Joyce,Allen,8/7/1913,jallenka@soundcloud.com,420-(983)266-1749,5 Weeping Birch Crossing
Judy,Ryan,11/25/1939,jryankb@nationalgeographic.com,33-(715)647-8238,12993 Jana Terrace
Wanda,Crawford,10/30/1948,wcrawfordkc@indiatimes.com,46-(141)597-4182,0 Northland Pass
Irene,Butler,7/2/1921,ibutlerkd@redcross.org,52-(573)180-9303,915 Macpherson Point
Tammy,Powell,7/9/1950,tpowellke@moonfruit.com,7-(639)697-1468,510 Roxbury Crossing
Todd,Hughes,4/5/1904,thugheskf@csmonitor.com,57-(514)455-9906,5238 Autumn Leaf Terrace
Antonio,Burke,11/6/1948,aburkekg@shop-pro.jp,62-(114)491-9687,7886 Arkansas Plaza
Donna,Burns,9/29/1989,dburnskh@booking.com,502-(441)193-0089,20327 Coleman Street
Mary,Morales,11/13/1998,mmoraleski@yahoo.com,993-(280)550-2112,44 Vernon Place
Kathryn,Hicks,3/28/1978,khickskj@quantcast.com,387-(561)387-0202,40871 Packers Lane
Carol,Harvey,12/8/1983,charveykk@ucsd.edu,62-(820)721-4212,81 Delaware Terrace
Lois,Dixon,3/22/1970,ldixonkl@cdc.gov,359-(736)856-2186,40 Wayridge Terrace
Ann,Robertson,7/24/1996,arobertsonkm@unc.edu,86-(794)692-5002,1 Milwaukee Terrace
Elizabeth,Kennedy,7/24/1940,ekennedykn@boston.com,1-(585)924-2161,3 Arkansas Pass
Alan,Burton,11/27/1932,aburtonko@uol.com.br,47-(611)962-8824,8 Portage Plaza
James,Crawford,10/26/1922,jcrawfordkp@wikipedia.org,48-(571)421-4390,0 Lunder Way
Dennis,Hudson,6/28/1936,dhudsonkq@pen.io,86-(567)172-6010,04779 Golf View Park
Justin,Stewart,4/25/1975,jstewartkr@hc360.com,351-(845)234-6297,0304 Milwaukee Court
Lori,Rodriguez,4/27/1993,lrodriguezks@lycos.com,351-(311)428-0770,1 Knutson Road
Ashley,Phillips,10/13/1999,aphillipskt@ox.ac.uk,63-(219)724-9761,70897 Ridge Oak Crossing
Melissa,Dean,12/20/1972,mdeanku@naver.com,86-(748)716-0135,6 Magdeline Lane
Andrew,Robinson,12/2/1912,arobinsonkv@tripod.com,7-(383)956-6697,66307 Portage Crossing
Richard,Boyd,5/12/1916,rboydkw@smugmug.com,62-(801)320-8886,44472 Bowman Point
Maria,Montgomery,9/25/1957,mmontgomerykx@pbs.org,62-(659)251-9257,53 Erie Center
Aaron,Gonzalez,1/24/1909,agonzalezky@people.com.cn,57-(887)532-7572,63 Sommers Place
Jane,Knight,1/30/1908,jknightkz@people.com.cn,46-(557)542-7437,8 Scofield Trail
Robert,Ross,10/14/1953,rrossl0@answers.com,212-(634)555-9188,6 Scott Street
Stephen,Thomas,11/19/1943,sthomasl1@quantcast.com,51-(745)668-7147,8 Gateway Road
Frances,Hunter,8/19/1962,fhunterl2@ocn.ne.jp,62-(472)514-4326,59 Bashford Road
Frank,Weaver,12/22/1911,fweaverl3@redcross.org,86-(556)643-1576,112 Ridgeway Hill
Ernest,Black,12/27/1905,eblackl4@phoca.cz,46-(591)667-4027,4 David Avenue
George,Harrison,8/8/1978,gharrisonl5@senate.gov,62-(463)219-5883,1381 Anthes Crossing
Victor,Fields,3/9/1927,vfieldsl6@hubpages.com,351-(717)851-6700,20 Sundown Alley
Dorothy,Bishop,2/7/1940,dbishopl7@comcast.net,32-(975)380-4259,961 Ryan Hill
Justin,Sullivan,9/27/1924,jsullivanl8@irs.gov,48-(188)845-2704,16823 5th Crossing
Harry,Day,10/2/1955,hdayl9@dot.gov,51-(362)707-1318,72 Kingsford Park
Jose,Morrison,12/8/1924,jmorrisonla@fema.gov,351-(290)123-3614,8573 Mitchell Trail
Julia,Jenkins,10/16/1934,jjenkinslb@imageshack.us,55-(984)811-9753,0387 Banding Junction
Frances,Kelly,3/16/1997,fkellylc@ow.ly,62-(360)454-0557,9961 Jana Place
Teresa,Henry,6/11/1903,thenryld@opensource.org,30-(269)379-4035,88386 Elmside Crossing
Edward,Harrison,6/27/1977,eharrisonle@storify.com,86-(407)669-3871,90 Anthes Point
Richard,Black,1/28/1958,rblacklf@mlb.com,63-(701)773-9503,1 Jana Drive
James,Ramirez,4/4/1940,jramirezlg@xinhuanet.com,81-(940)109-3988,7974 Thompson Park
Doris,Frazier,5/5/1926,dfrazierlh@gnu.org,62-(576)220-0300,9818 Eastlawn Avenue
Jacqueline,Smith,11/13/1906,jsmithli@mac.com,46-(366)397-4390,8 Mcbride Drive
Judith,Fisher,10/16/1904,jfisherlj@blog.com,7-(336)485-4188,633 Holy Cross Terrace
Julia,Ford,7/14/1982,jfordlk@zdnet.com,62-(983)630-3815,56591 Kensington Court
Sarah,Warren,11/19/1984,swarrenll@cyberchimps.com,62-(124)474-2211,0 Quincy Street
Anne,Evans,3/30/1970,aevanslm@statcounter.com,86-(266)745-7141,67 Nelson Point
Rose,Moreno,10/8/1968,rmorenoln@tiny.cc,381-(708)422-7913,7 Tony Way
Bruce,Burke,7/13/1978,bburkelo@csmonitor.com,81-(947)750-4393,2873 Boyd Center
Martha,Olson,3/13/1941,molsonlp@w3.org,351-(703)943-2141,4022 Grover Place
Todd,Powell,3/19/1996,tpowelllq@prweb.com,86-(185)206-1660,014 Sauthoff Drive
Walter,Griffin,1/17/1987,wgriffinlr@people.com.cn,970-(839)942-6733,1876 Dixon Terrace
Willie,Banks,8/7/1943,wbanksls@ehow.com,7-(660)821-9946,5377 Forster Avenue
Ernest,Burton,11/25/1963,eburtonlt@google.co.jp,54-(828)427-7498,31 Caliangt Street
Brenda,Lane,5/28/1917,blanelu@webnode.com,86-(111)678-6228,0284 Dottie Pass
Julia,Knight,11/4/1935,jknightlv@mashable.com,62-(134)630-6319,511 Corben Road
Craig,Brooks,4/4/1983,cbrookslw@businessweek.com,62-(662)483-0774,04717 Northridge Pass
Joshua,Johnston,10/29/1963,jjohnstonlx@unblog.fr,86-(531)660-9821,0412 Hoffman Plaza
Gloria,Richardson,6/7/1988,grichardsonly@xinhuanet.com,998-(121)444-9832,84 Sachs Alley
Deborah,Flores,7/12/1915,dfloreslz@independent.co.uk,63-(630)439-6523,707 Loeprich Road
Kimberly,Reed,6/27/1961,kreedm0@cornell.edu,234-(533)594-8901,4 Northfield Lane
Andrea,Watkins,11/8/1929,awatkinsm1@ehow.com,86-(306)725-2801,3 Burrows Place
Sean,Morgan,11/19/1980,smorganm2@apple.com,55-(462)173-4278,8 Harper Way
Louise,Thomas,8/31/1977,lthomasm3@huffingtonpost.com,62-(276)187-1688,69432 Pawling Trail
Steven,Baker,6/23/1909,sbakerm4@vkontakte.ru,46-(471)278-4104,25993 Pine View Park
Howard,Hunt,9/23/1985,hhuntm5@github.io,86-(809)489-6764,2752 Morning Hill
Joe,King,8/29/1905,jkingm6@hexun.com,86-(445)554-4512,493 Farragut Avenue
Michelle,Harrison,3/23/1940,mharrisonm7@amazon.co.uk,63-(369)460-1662,1331 Sachs Avenue
Robert,Baker,7/20/1944,rbakerm8@constantcontact.com,7-(150)131-1827,350 Thompson Drive
Harry,Murphy,5/18/1987,hmurphym9@businessinsider.com,1-(832)809-8192,42695 Division Center
Lisa,James,3/9/1957,ljamesma@skype.com,63-(210)243-7214,7707 Lillian Place
Kathryn,Coleman,12/5/1987,kcolemanmb@sciencedaily.com,86-(860)923-8221,3052 Graedel Circle
Ruth,Hamilton,1/29/1963,rhamiltonmc@china.com.cn,63-(484)619-3866,83 Clove Plaza
Barbara,Rivera,8/13/1925,briveramd@ed.gov,385-(990)799-3042,9 Evergreen Junction
Mildred,Green,5/24/1929,mgreenme@forbes.com,7-(656)158-4680,269 Loftsgordon Trail
Martha,Simpson,7/16/1941,msimpsonmf@facebook.com,63-(842)696-3132,4167 Meadow Vale Parkway
Gloria,Cruz,4/3/1905,gcruzmg@salon.com,86-(203)684-3772,12 David Parkway
Chris,Nelson,9/21/1905,cnelsonmh@usgs.gov,46-(253)553-7361,2755 Stephen Place
Rachel,Welch,5/17/1969,rwelchmi@unicef.org,62-(865)243-2870,4950 Washington Center
Jeffrey,Porter,2/1/1991,jportermj@163.com,62-(539)849-5049,5768 Fieldstone Street
Debra,Stone,1/6/1918,dstonemk@jalbum.net,62-(295)921-4286,02 Carpenter Terrace
Nicole,Martin,6/19/1918,nmartinml@google.co.jp,1-(434)414-2784,1082 Graceland Lane
Ruth,Ramirez,8/3/1925,rramirezmm@dyndns.org,1-(724)821-9337,78 Marcy Hill
Jeffrey,Lee,8/30/1975,jleemn@ow.ly,62-(876)730-9465,6449 Kipling Plaza
Betty,Mills,10/10/1971,bmillsmo@tamu.edu,63-(861)812-8859,92052 Little Fleur Crossing
Rachel,Alexander,7/8/1972,ralexandermp@godaddy.com,375-(844)489-8451,014 Coleman Point
Christina,Knight,8/21/1932,cknightmq@geocities.jp,62-(471)280-1702,5 Shoshone Road
Fred,Bishop,10/21/1974,fbishopmr@psu.edu,355-(395)308-8592,7 Coolidge Trail
Phillip,Hansen,6/2/1991,phansenms@nationalgeographic.com,31-(220)813-7441,592 Sachs Junction
Kevin,Robertson,10/30/1968,krobertsonmt@businesswire.com,7-(483)276-6142,6644 Truax Road
Andrea,Bowman,6/12/1904,abowmanmu@cbc.ca,55-(407)115-8637,166 2nd Way
Steven,Hayes,10/23/1901,shayesmv@upenn.edu,86-(315)784-6018,369 Stuart Place
Judith,Reed,7/3/1906,jreedmw@google.com.au,62-(547)644-1589,97 Jenna Point
Billy,Stanley,2/24/1953,bstanleymx@printfriendly.com,255-(294)450-0634,6 Laurel Court
Betty,Dean,4/19/1945,bdeanmy@buzzfeed.com,54-(469)530-9735,58 Thierer Crossing
Angela,Schmidt,2/2/1996,aschmidtmz@ycombinator.com,7-(813)889-4050,9 Brown Way
Scott,Gomez,10/2/1929,sgomezn0@google.nl,57-(653)534-9781,8 Jackson Way
Jerry,Sanders,3/9/1990,jsandersn1@princeton.edu,86-(263)294-6125,2335 La Follette Plaza
Jesse,Woods,1/26/1914,jwoodsn2@zdnet.com,46-(395)923-2842,5 Upham Pass
Gary,Knight,1/13/1912,gknightn3@ebay.com,66-(344)374-8934,1 Truax Point
Kevin,Carroll,8/11/1908,kcarrolln4@cyberchimps.com,86-(691)742-3289,650 Onsgard Drive
Betty,Long,4/21/1937,blongn5@senate.gov,52-(355)511-7932,31209 Del Sol Circle
Maria,Sims,10/16/1920,msimsn6@cargocollective.com,46-(404)741-6990,7 Straubel Way
Christina,Frazier,11/28/1986,cfraziern7@shop-pro.jp,60-(966)292-4776,45651 Vahlen Park
Maria,Rice,5/8/1997,mricen8@admin.ch,55-(543)855-7360,49648 John Wall Parkway
Ann,George,5/7/1907,ageorgen9@google.ru,62-(420)946-4329,40 1st Terrace
Billy,Gardner,12/5/1935,bgardnerna@flickr.com,27-(435)948-6719,13 Ruskin Street
Albert,Hall,11/29/1937,ahallnb@who.int,66-(619)656-5622,5 Forest Run Center
Beverly,Meyer,7/22/1915,bmeyernc@indiegogo.com,358-(901)897-8556,241 Killdeer Crossing
Joe,Jacobs,6/18/1995,jjacobsnd@cpanel.net,86-(637)945-5697,68 Heath Road
Rose,Morales,9/7/1930,rmoralesne@xing.com,86-(192)199-7223,8417 Hooker Pass
Denise,Smith,1/29/1996,dsmithnf@epa.gov,86-(249)452-6080,29 Lyons Terrace
Rachel,Hansen,9/2/1928,rhansenng@list-manage.com,7-(187)858-3259,2842 Ilene Trail
Janice,Harris,11/12/1953,jharrisnh@list-manage.com,86-(270)509-0590,10 Schurz Drive
Bobby,Watson,7/6/1960,bwatsonni@opensource.org,351-(486)384-4400,531 Darwin Junction
Peter,Barnes,6/19/1991,pbarnesnj@blinklist.com,62-(817)555-9099,36 Jana Terrace
Earl,Cooper,8/22/1998,ecoopernk@hugedomains.com,380-(415)810-9081,6360 Dwight Road
Ashley,Cox,11/23/1969,acoxnl@trellian.com,46-(389)923-8611,91338 Stang Crossing
Henry,Walker,7/25/1997,hwalkernm@state.gov,66-(869)523-8149,14422 Ryan Junction
Amanda,Harvey,9/30/1938,aharveynn@scientificamerican.com,55-(515)170-4331,37 Knutson Trail
Fred,Hawkins,10/30/1908,fhawkinsno@ftc.gov,686-(472)707-9468,3006 Carioca Pass
Jessica,Williamson,11/11/1922,jwilliamsonnp@intel.com,507-(917)106-4864,2431 Summer Ridge Court
Alice,West,7/7/1998,awestnq@github.com,1-(548)734-3373,84 Pennsylvania Crossing
Rebecca,Thomas,1/29/1941,rthomasnr@jimdo.com,386-(816)257-3138,519 John Wall Alley
Paul,Peters,3/9/1966,ppetersns@naver.com,1-(181)780-9479,94 Del Sol Park
Margaret,Cooper,6/14/1931,mcoopernt@newyorker.com,86-(537)985-3231,91 Maryland Crossing
Lisa,Lawson,3/6/1949,llawsonnu@google.com,46-(258)993-7222,2 Stuart Alley
Jason,Mitchell,12/12/1919,jmitchellnv@drupal.org,63-(861)656-0510,887 Leroy Park
Lillian,Dean,6/21/1982,ldeannw@sitemeter.com,57-(903)106-6538,84548 Pepper Wood Plaza
Beverly,Smith,7/15/1934,bsmithnx@gravatar.com,46-(376)385-5913,39 Katie Street
Ashley,Ward,7/5/1932,awardny@lulu.com,48-(223)505-4717,119 Park Meadow Drive
Edward,Bowman,10/31/1932,ebowmannz@ocn.ne.jp,64-(246)752-3560,09833 Warbler Way
Angela,Meyer,7/6/1985,ameyero0@usatoday.com,62-(888)782-9795,744 Toban Plaza
James,Smith,11/28/1972,jsmitho1@t.co,62-(396)529-9639,11 Hazelcrest Parkway
Jesse,Hall,4/13/1929,jhallo2@virginia.edu,81-(736)454-8553,19 Vidon Terrace
Irene,Nguyen,2/17/1955,inguyeno3@wikipedia.org,27-(413)417-0195,2258 Shopko Lane
Gloria,Barnes,5/2/1912,gbarneso4@amazon.co.uk,351-(541)481-3790,175 Ridge Oak Crossing
Jane,Riley,8/19/1956,jrileyo5@quantcast.com,31-(618)621-8833,609 Chive Court
Teresa,Nguyen,7/20/1969,tnguyeno6@yellowbook.com,967-(496)562-1791,45015 Waubesa Lane
Karen,Ruiz,10/10/1900,kruizo7@gravatar.com,1-(248)228-4871,87893 Pine View Pass
Julie,Russell,6/17/1918,jrussello8@dion.ne.jp,86-(900)469-7621,5 Luster Crossing
Kathy,Peterson,2/21/1909,kpetersono9@ebay.co.uk,254-(876)328-0908,94 Northland Circle
Eugene,Brooks,11/4/1971,ebrooksoa@youtu.be,251-(753)115-1293,455 Eagle Crest Lane
Sean,Bradley,7/1/1999,sbradleyob@rambler.ru,86-(294)301-1995,39 Fisk Court
Kathy,Chavez,5/8/1948,kchavezoc@godaddy.com,62-(825)399-4429,99226 Lake View Parkway
Betty,Carr,6/18/1970,bcarrod@biglobe.ne.jp,93-(188)747-7614,711 Armistice Circle
Jeremy,Welch,7/8/1971,jwelchoe@boston.com,675-(748)799-7788,66437 Corry Lane
Cynthia,Stephens,7/14/1993,cstephensof@mlb.com,359-(742)519-5892,69 Porter Trail
Jason,Romero,6/22/1975,jromeroog@yellowpages.com,218-(449)790-9157,6 Duke Trail
Alan,Wagner,9/1/1997,awagneroh@ted.com,60-(856)295-4323,39 Harbort Junction
Carolyn,Jordan,4/5/1912,cjordanoi@addtoany.com,1-(336)824-8612,7086 Schiller Court
Karen,Reynolds,11/14/1999,kreynoldsoj@yahoo.co.jp,255-(614)318-3261,6205 Huxley Center
Gerald,Walker,2/14/1990,gwalkerok@miitbeian.gov.cn,20-(530)862-5822,0 American Pass
Sandra,Montgomery,5/9/1952,smontgomeryol@redcross.org,1-(824)800-5871,3283 Sunnyside Pass
Edward,Day,6/11/1964,edayom@walmart.com,86-(117)724-5337,80601 Fuller Alley
Mary,Arnold,11/9/1971,marnoldon@ezinearticles.com,352-(830)977-4051,2 Scott Street
Paul,Burke,11/16/1995,pburkeoo@blogspot.com,51-(192)178-1111,072 Gulseth Court
Terry,Murray,5/20/1913,tmurrayop@gravatar.com,86-(542)572-7673,42 Dahle Parkway
Peter,Ellis,2/19/1970,pellisoq@deviantart.com,7-(903)712-7414,12396 Birchwood Terrace
Andrea,Hughes,3/3/1954,ahughesor@paginegialle.it,62-(975)306-6913,2 Victoria Hill
John,Harrison,8/14/1984,jharrisonos@liveinternet.ru,967-(872)758-1498,55727 Cardinal Crossing
Beverly,Franklin,7/31/1997,bfranklinot@microsoft.com,62-(554)637-2078,86 Charing Cross Pass
Nancy,Holmes,7/30/1955,nholmesou@skype.com,1-(508)781-2963,98 Green Ridge Place
Diana,Jordan,9/26/1969,djordanov@ezinearticles.com,55-(100)995-3798,67 Lindbergh Alley
Juan,Bennett,10/14/1915,jbennettow@4shared.com,355-(972)151-9095,58 Oneill Park
Sandra,Hernandez,5/22/1933,shernandezox@weather.com,356-(319)560-3232,955 Anthes Crossing
Annie,Burns,11/25/1984,aburnsoy@booking.com,62-(860)523-0040,7 Forest Park
Tina,Ford,2/22/1933,tfordoz@theguardian.com,976-(695)269-6053,71 Bunting Circle
Victor,Bryant,4/17/1923,vbryantp0@artisteer.com,48-(311)755-3695,025 Ronald Regan Alley
Kathleen,Palmer,10/8/1901,kpalmerp1@google.com.au,86-(541)811-1705,30 Dennis Plaza
William,Parker,4/18/1905,wparkerp2@washingtonpost.com,1-(786)601-9542,80 Lindbergh Drive
Kimberly,James,11/30/1989,kjamesp3@technorati.com,86-(433)224-1392,12 Sutteridge Street
Irene,Stewart,1/23/1910,istewartp4@moonfruit.com,63-(184)406-3369,2979 Riverside Junction
Norma,Mendoza,6/12/1954,nmendozap5@zimbio.com,221-(874)222-0581,85 Coleman Court
Deborah,Holmes,3/21/1927,dholmesp6@wp.com,52-(157)757-1529,6 Banding Trail
Janice,Gonzalez,8/13/1933,jgonzalezp7@nsw.gov.au,227-(503)855-8565,68203 Village Green Junction
Gregory,Cooper,12/18/1988,gcooperp8@go.com,34-(778)285-4121,7518 Vera Center
Doris,Patterson,1/8/1998,dpattersonp9@woothemes.com,86-(910)461-8682,956 Anderson Place
Daniel,Mason,12/16/1987,dmasonpa@dedecms.com,86-(553)588-7094,18 Anzinger Terrace
Theresa,Boyd,1/19/1947,tboydpb@walmart.com,51-(301)452-8487,7 Acker Way
George,Warren,3/12/1963,gwarrenpc@army.mil,380-(179)248-4710,22266 Bluestem Road
Nicole,Fernandez,10/23/1915,nfernandezpd@google.de,351-(457)206-8204,83 Veith Point
Jean,Davis,9/6/1987,jdavispe@purevolume.com,994-(185)387-1006,20226 Colorado Court
Matthew,Ward,8/24/1932,mwardpf@nytimes.com,375-(748)100-1646,2518 Alpine Crossing
Stephen,Lawson,11/13/1959,slawsonpg@about.me,62-(925)536-2724,7699 Fulton Road
Harold,Murray,6/10/1904,hmurrayph@discovery.com,62-(503)904-7494,38470 Merchant Center
Nicholas,Kelly,11/14/1935,nkellypi@webnode.com,374-(939)831-3242,2227 Eliot Lane
Henry,Carter,12/1/1931,hcarterpj@rediff.com,62-(275)887-9716,2 7th Point
Jane,Woods,11/23/1926,jwoodspk@dedecms.com,998-(630)968-5910,26 Schiller Road
Sean,Ryan,2/25/1982,sryanpl@friendfeed.com,351-(421)953-4099,75735 Cherokee Parkway
Jose,Berry,8/6/1965,jberrypm@over-blog.com,351-(386)878-8622,1 Buhler Lane
Christopher,Kelley,3/19/1983,ckelleypn@storify.com,60-(246)714-8400,42993 Maryland Place
Randy,Patterson,8/22/1909,rpattersonpo@arstechnica.com,86-(292)576-2729,9336 Vernon Avenue
Pamela,Warren,8/9/1992,pwarrenpp@who.int,81-(942)619-5757,064 Welch Pass
Adam,Jacobs,6/27/1999,ajacobspq@hexun.com,994-(744)504-5038,63 Meadow Vale Hill
Scott,Robertson,9/17/1914,srobertsonpr@slate.com,94-(168)290-5234,704 Clarendon Junction
Nicole,Rogers,7/18/1911,nrogersps@livejournal.com,81-(724)885-1578,2935 Westend Drive
Douglas,Hall,1/12/1903,dhallpt@uiuc.edu,1-(322)745-7542,3 Dayton Road
Donald,Peters,4/24/1978,dpeterspu@nymag.com,86-(450)709-6085,50339 Ilene Point
Catherine,Burke,1/26/1919,cburkepv@biglobe.ne.jp,672-(840)358-9791,537 Maryland Lane
Gary,Andrews,9/23/1971,gandrewspw@eventbrite.com,351-(446)407-5893,34 Mandrake Parkway
Virginia,Snyder,7/3/1999,vsnyderpx@wiley.com,1-(785)744-4767,6 Rowland Crossing
Janice,King,7/24/1930,jkingpy@vistaprint.com,86-(888)212-5610,744 Coolidge Street
Kelly,Shaw,10/7/1970,kshawpz@globo.com,234-(784)872-8751,76 Texas Court
Gregory,Bryant,9/4/1955,gbryantq0@behance.net,33-(335)326-2608,3 Kinsman Place
Elizabeth,Rice,1/26/1908,ericeq1@ucoz.com,62-(741)805-3010,034 Toban Junction
Albert,Romero,3/21/1962,aromeroq2@webeden.co.uk,994-(696)295-2814,0 Tennyson Alley
Melissa,Price,10/5/1978,mpriceq3@nba.com,86-(590)845-8535,60077 Vermont Place
Joshua,Richards,10/20/1946,jrichardsq4@altervista.org,63-(519)859-7403,9354 Sachs Alley
Julia,Williams,11/14/1939,jwilliamsq5@about.com,53-(981)282-8183,5 South Center
Jerry,Jackson,6/25/1937,jjacksonq6@cnet.com,62-(302)150-3918,3864 Cordelia Hill
Lawrence,Bailey,3/28/1958,lbaileyq7@amazon.co.jp,62-(457)406-2388,840 Arapahoe Way
Terry,Miller,12/27/1957,tmillerq8@cnbc.com,62-(363)953-7518,8 Lillian Lane
Kelly,Murphy,6/6/1971,kmurphyq9@mayoclinic.com,385-(885)167-3772,5 Cody Lane
Paul,Carpenter,12/28/1960,pcarpenterqa@mapquest.com,385-(998)932-9842,7 Helena Plaza
Anne,Day,9/4/1945,adayqb@walmart.com,86-(532)905-0054,5 Ludington Terrace
Roy,Wells,8/25/1919,rwellsqc@ning.com,1-(929)280-0022,8 Killdeer Alley
Douglas,Murphy,1/11/1989,dmurphyqd@github.com,52-(684)248-0003,5 Lukken Parkway
Janice,Bradley,11/8/1937,jbradleyqe@hc360.com,46-(723)963-5689,01551 Weeping Birch Parkway
Antonio,King,12/9/1902,akingqf@ning.com,62-(783)409-0159,4874 Spaight Crossing
Amy,Gonzales,10/30/1920,agonzalesqg@icio.us,27-(288)606-4236,86 Johnson Place
Juan,Anderson,5/19/1940,jandersonqh@taobao.com,62-(691)818-2736,452 Vernon Point
Lisa,Wright,1/6/1977,lwrightqi@sitemeter.com,98-(567)989-3288,042 Stang Hill
Larry,Ross,12/19/1991,lrossqj@cargocollective.com,46-(682)319-4441,14 Village Green Drive
Rachel,Armstrong,10/6/1992,rarmstrongqk@wordpress.org,242-(891)580-7937,264 Eagan Drive
Annie,Cole,6/27/1999,acoleql@parallels.com,375-(825)562-5063,94603 Graceland Lane
Philip,Holmes,5/23/1985,pholmesqm@gravatar.com,62-(641)630-2764,11715 Menomonie Place
James,Warren,3/31/1997,jwarrenqn@bloglovin.com,351-(458)343-3854,25299 Green Ridge Place
Gary,Cruz,7/1/1949,gcruzqo@themeforest.net,84-(847)378-4043,9 Bunting Parkway
Deborah,Kennedy,2/18/1970,dkennedyqp@mlb.com,595-(183)146-4596,4 Butternut Court
Julie,Wallace,8/29/1987,jwallaceqq@ehow.com,55-(847)469-9512,3351 Delaware Plaza
Frank,Alvarez,7/16/1955,falvarezqr@buzzfeed.com,86-(722)716-8296,27032 Golf Pass
Douglas,Palmer,11/10/1939,dpalmerqs@angelfire.com,52-(165)710-6483,7654 Blaine Street
Joan,Arnold,5/12/1921,jarnoldqt@joomla.org,420-(221)740-2964,18109 Lindbergh Drive
Gary,Rogers,8/8/1905,grogersqu@bloomberg.com,55-(586)514-2208,6433 Shelley Circle
Wanda,James,12/20/1987,wjamesqv@webmd.com,48-(909)443-2704,1946 Pankratz Hill
Anthony,Welch,2/9/1936,awelchqw@forbes.com,1-(279)441-9023,11 Ilene Junction
Dorothy,Warren,3/14/1917,dwarrenqx@indiegogo.com,355-(730)933-9637,2658 Loeprich Street
Carol,Thomas,12/4/1963,cthomasqy@dyndns.org,86-(828)790-6909,9 Calypso Avenue
Richard,Thomas,6/10/1940,rthomasqz@mit.edu,53-(657)440-6931,3430 Barby Avenue
Jonathan,Wood,2/26/1984,jwoodr0@sogou.com,358-(837)480-8273,426 Pepper Wood Crossing
Ryan,Hanson,2/19/1974,rhansonr1@moonfruit.com,998-(713)620-5430,7 Welch Circle
Ruby,Bennett,8/21/1954,rbennettr2@w3.org,86-(180)242-0565,1135 Delaware Pass
Justin,Ellis,6/8/1928,jellisr3@washington.edu,48-(236)954-7357,781 Delladonna Lane
Judy,Martinez,8/24/1909,jmartinezr4@cloudflare.com,62-(442)995-0185,9 Sherman Plaza
Shirley,Wheeler,8/14/1900,swheelerr5@angelfire.com,86-(677)430-8663,25277 Golf Course Road
Jesse,Patterson,9/20/1984,jpattersonr6@goodreads.com,880-(233)864-0890,34 Gina Way
Julie,Long,5/12/1927,jlongr7@guardian.co.uk,251-(442)137-3188,11581 Loftsgordon Trail
Keith,Davis,5/9/1935,kdavisr8@aboutads.info,387-(706)157-8191,4 Waywood Parkway
Theresa,Peterson,10/30/1943,tpetersonr9@eepurl.com,46-(183)527-1635,822 Maple Wood Place
Elizabeth,Rivera,1/12/1985,eriverara@fc2.com,63-(871)927-4232,675 Corscot Hill
Evelyn,Snyder,12/4/1924,esnyderrb@themeforest.net,212-(746)507-1898,4710 Annamark Park
Nicholas,Thomas,2/20/1931,nthomasrc@bbc.co.uk,51-(926)754-4618,640 Mallory Court
Cheryl,Lynch,4/13/1912,clynchrd@dyndns.org,86-(540)552-1691,336 Farmco Street
Andrea,Sanchez,4/16/1941,asanchezre@opensource.org,63-(436)123-9506,72120 Fuller Hill
Louis,Brooks,3/5/1905,lbrooksrf@bloglines.com,353-(100)544-3452,287 Amoth Drive
Roy,Alexander,12/29/1929,ralexanderrg@answers.com,7-(972)786-9751,3 Sheridan Terrace
Sara,Greene,3/19/1921,sgreenerh@163.com,86-(786)818-0342,64926 Oak Parkway
Jason,Stanley,8/26/1930,jstanleyri@ucoz.com,81-(459)121-0952,28 Prentice Center
Nicholas,Johnston,7/23/1978,njohnstonrj@histats.com,57-(980)899-9590,5056 Lakewood Avenue
Gregory,Ruiz,2/19/1980,gruizrk@ca.gov,81-(544)457-3489,85 Northview Way
Jimmy,Andrews,5/11/1993,jandrewsrl@delicious.com,260-(299)361-1801,25420 Lillian Court
Alan,Powell,7/7/1973,apowellrm@hexun.com,62-(880)853-3321,25924 Hanson Place
Andrea,Campbell,9/29/1983,acampbellrn@sun.com,86-(401)907-9916,61 School Point
Dennis,Jones,6/27/1904,djonesro@com.com,66-(418)118-8825,62 Porter Road
Lawrence,Miller,3/18/1931,lmillerrp@etsy.com,216-(686)678-9401,3840 Fieldstone Lane
Richard,Phillips,12/7/1995,rphillipsrq@linkedin.com,371-(878)542-7844,6 Sutherland Circle
Randy,Wood,12/15/1902,rwoodrr@domainmarket.com,370-(877)127-0251,02736 Ryan Trail
